ID,Reason for absence,Month of absence,Day of the week,Seasons,Transportation expense,Distance from Residence to Work,Service time,Age,Work load Average/day ,Hit target,Disciplinary failure,Education,Son,Social drinker,Social smoker,Pet,Height,Body mass index,Absenteeism time in hours
11,26,7,3,1,289.0,36.0,13.0,33.0,239554.0,97.0,0,1,2.0,1,0,1.0,172.0,30.0,4.0
3,23,7,4,1,179.0,51.0,18.0,38.0,239554.0,97.0,0,1,0.0,1,0,0.0,170.0,31.0,2.0
7,7,7,5,1,279.0,5.0,14.0,39.0,239554.0,97.0,0,1,2.0,1,1,0.0,168.0,24.0,4.0
11,23,7,5,1,289.0,36.0,13.0,33.0,239554.0,97.0,0,1,2.0,1,0,1.0,172.0,30.0,2.0
3,23,7,6,1,179.0,51.0,18.0,38.0,239554.0,97.0,0,1,0.0,1,0,0.0,170.0,31.0,2.0
10,22,7,6,1,361.0,52.0,3.0,28.0,239554.0,97.0,0,1,1.0,1,0,4.0,172.0,27.0,8.0
20,23,7,6,1,260.0,50.0,11.0,36.0,239554.0,97.0,0,1,4.0,1,0,0.0,168.0,23.0,4.0
14,19,7,2,1,155.0,12.0,14.0,34.0,239554.0,97.0,0,1,2.0,1,0,0.0,196.0,25.0,40.0
1,22,7,2,1,235.0,11.0,14.0,37.0,239554.0,97.0,0,3,1.0,0,0,1.0,172.0,29.0,8.0
20,1,7,2,1,260.0,50.0,11.0,36.0,239554.0,97.0,0,1,4.0,1,0,0.0,168.0,23.0,8.0
20,1,7,3,1,260.0,50.0,11.0,36.0,239554.0,97.0,0,1,4.0,1,0,0.0,168.0,23.0,8.0
20,11,7,4,1,260.0,50.0,11.0,36.0,239554.0,97.0,0,1,4.0,1,0,0.0,168.0,23.0,8.0
3,11,7,4,1,179.0,51.0,18.0,38.0,239554.0,97.0,0,1,0.0,1,0,0.0,170.0,31.0,1.0
3,23,7,4,1,179.0,51.0,18.0,38.0,239554.0,97.0,0,1,0.0,1,0,0.0,170.0,31.0,4.0
24,14,7,6,1,246.0,25.0,16.0,41.0,239554.0,97.0,0,1,0.0,1,0,0.0,170.0,23.0,8.0
3,23,7,6,1,179.0,51.0,18.0,38.0,239554.0,97.0,0,1,0.0,1,0,0.0,170.0,31.0,2.0
3,21,7,2,1,179.0,51.0,18.0,38.0,239554.0,97.0,0,1,0.0,1,0,0.0,170.0,31.0,8.0
6,11,7,5,1,189.0,29.0,13.0,33.0,239554.0,97.0,0,1,2.0,0,0,2.0,167.0,25.0,8.0
33,23,8,4,1,248.0,25.0,14.0,47.0,205917.0,92.0,0,1,2.0,0,0,1.0,165.0,32.0,2.0
18,10,8,4,1,330.0,16.0,4.0,28.0,205917.0,92.0,0,2,0.0,0,0,0.0,182.0,25.0,8.0
3,11,8,2,1,179.0,51.0,18.0,38.0,205917.0,92.0,0,1,0.0,1,0,0.0,170.0,31.0,1.0
10,13,8,2,1,361.0,52.0,3.0,28.0,205917.0,92.0,0,1,1.0,1,0,4.0,172.0,27.0,40.0
20,28,8,6,1,260.0,50.0,11.0,36.0,205917.0,92.0,0,1,4.0,1,0,0.0,168.0,23.0,4.0
11,18,8,2,1,289.0,36.0,13.0,33.0,205917.0,92.0,0,1,2.0,1,0,1.0,172.0,30.0,8.0
10,25,8,2,1,361.0,52.0,3.0,28.0,205917.0,92.0,0,1,1.0,1,0,4.0,172.0,27.0,7.0
11,23,8,3,1,289.0,36.0,13.0,33.0,205917.0,92.0,0,1,2.0,1,0,1.0,172.0,30.0,1.0
30,28,8,4,1,157.0,27.0,6.0,29.0,205917.0,92.0,0,1,0.0,1,1,0.0,185.0,22.0,4.0
11,18,8,4,1,289.0,36.0,13.0,33.0,205917.0,92.0,0,1,2.0,1,0,1.0,172.0,30.0,8.0
3,23,8,6,1,179.0,51.0,18.0,38.0,205917.0,92.0,0,1,0.0,1,0,0.0,170.0,31.0,2.0
3,18,8,2,1,179.0,51.0,18.0,38.0,205917.0,92.0,0,1,0.0,1,0,0.0,170.0,31.0,8.0
2,18,8,5,1,235.0,29.0,12.0,48.0,205917.0,92.0,0,1,1.0,0,1,5.0,163.0,33.0,8.0
1,23,8,5,1,235.0,11.0,14.0,37.0,205917.0,92.0,0,3,1.0,0,0,1.0,172.0,29.0,4.0
2,18,8,2,1,235.0,29.0,12.0,48.0,205917.0,92.0,0,1,1.0,0,1,5.0,163.0,33.0,8.0
3,23,8,2,1,179.0,51.0,18.0,38.0,205917.0,92.0,0,1,0.0,1,0,0.0,170.0,31.0,2.0
10,23,8,2,1,361.0,52.0,3.0,28.0,205917.0,92.0,0,1,1.0,1,0,4.0,172.0,27.0,1.0
11,24,8,3,1,289.0,36.0,13.0,33.0,205917.0,92.0,0,1,2.0,1,0,1.0,172.0,30.0,8.0
19,11,8,5,1,291.0,50.0,12.0,32.0,205917.0,92.0,0,1,0.0,1,0,0.0,169.0,23.0,4.0
2,28,8,6,1,235.0,29.0,12.0,48.0,205917.0,92.0,0,1,1.0,0,1,5.0,163.0,33.0,8.0
20,23,8,6,1,260.0,50.0,11.0,36.0,205917.0,92.0,0,1,4.0,1,0,0.0,168.0,23.0,4.0
27,23,9,3,1,184.0,42.0,7.0,27.0,241476.0,92.0,0,1,0.0,0,0,0.0,167.0,21.0,2.0
34,23,9,2,1,118.0,10.0,10.0,37.0,241476.0,92.0,0,1,0.0,0,0,0.0,172.0,28.0,4.0
3,23,9,3,1,179.0,51.0,18.0,38.0,241476.0,92.0,0,1,0.0,1,0,0.0,170.0,31.0,4.0
5,19,9,3,1,235.0,20.0,13.0,43.0,241476.0,92.0,0,1,1.0,1,0,0.0,167.0,38.0,8.0
14,23,9,4,1,155.0,12.0,14.0,34.0,241476.0,92.0,0,1,2.0,1,0,0.0,196.0,25.0,2.0
34,23,9,2,1,118.0,10.0,10.0,37.0,241476.0,92.0,0,1,0.0,0,0,0.0,172.0,28.0,3.0
3,23,9,3,1,179.0,51.0,18.0,38.0,241476.0,92.0,0,1,0.0,1,0,0.0,170.0,31.0,3.0
15,23,9,5,1,291.0,31.0,12.0,40.0,241476.0,92.0,0,1,1.0,1,0,1.0,171.0,25.0,4.0
20,22,9,6,1,260.0,50.0,11.0,36.0,241476.0,92.0,0,1,4.0,1,0,0.0,168.0,23.0,8.0
15,14,9,2,4,291.0,31.0,12.0,40.0,241476.0,92.0,0,1,1.0,1,0,1.0,171.0,25.0,32.0
28,23,9,3,4,225.0,26.0,9.0,28.0,241476.0,92.0,0,1,1.0,0,0,2.0,169.0,24.0,2.0
34,23,9,3,4,118.0,10.0,10.0,37.0,241476.0,92.0,0,1,0.0,0,0,0.0,172.0,28.0,2.0
28,18,9,4,4,225.0,26.0,9.0,28.0,241476.0,92.0,0,1,1.0,0,0,2.0,169.0,24.0,3.0
3,23,9,4,4,179.0,51.0,18.0,38.0,241476.0,92.0,0,1,0.0,1,0,0.0,170.0,31.0,3.0
33,23,9,6,4,248.0,25.0,14.0,47.0,241476.0,92.0,0,1,2.0,0,0,1.0,165.0,32.0,1.0
3,23,9,6,4,179.0,51.0,18.0,38.0,241476.0,92.0,0,1,0.0,1,0,0.0,170.0,31.0,3.0
20,23,9,6,4,260.0,50.0,11.0,36.0,241476.0,92.0,0,1,4.0,1,0,0.0,168.0,23.0,4.0
3,23,10,3,4,179.0,51.0,18.0,38.0,253465.0,93.0,0,1,0.0,1,0,0.0,170.0,31.0,3.0
34,23,10,3,4,118.0,10.0,10.0,37.0,253465.0,93.0,0,1,0.0,0,0,0.0,172.0,28.0,3.0
22,23,10,5,4,179.0,26.0,9.0,30.0,253465.0,93.0,0,3,0.0,0,0,0.0,171.0,19.0,1.0
3,23,10,6,4,179.0,51.0,18.0,38.0,253465.0,93.0,0,1,0.0,1,0,0.0,170.0,31.0,3.0
28,23,10,6,4,225.0,26.0,9.0,28.0,253465.0,93.0,0,1,1.0,0,0,2.0,169.0,24.0,3.0
34,23,10,3,4,118.0,10.0,10.0,37.0,253465.0,93.0,0,1,0.0,0,0,0.0,172.0,28.0,3.0
28,23,10,4,4,225.0,26.0,9.0,28.0,253465.0,93.0,0,1,1.0,0,0,2.0,169.0,24.0,2.0
33,23,10,4,4,248.0,25.0,14.0,47.0,253465.0,93.0,0,1,2.0,0,0,1.0,165.0,32.0,2.0
15,23,10,5,4,291.0,31.0,12.0,40.0,253465.0,93.0,0,1,1.0,1,0,1.0,171.0,25.0,5.0
3,23,10,4,4,179.0,51.0,18.0,38.0,253465.0,93.0,0,1,0.0,1,0,0.0,170.0,31.0,8.0
28,23,10,4,4,225.0,26.0,9.0,28.0,253465.0,93.0,0,1,1.0,0,0,2.0,169.0,24.0,3.0
20,19,10,5,4,260.0,50.0,11.0,36.0,253465.0,93.0,0,1,4.0,1,0,0.0,168.0,23.0,16.0
15,14,10,3,4,291.0,31.0,12.0,40.0,253465.0,93.0,0,1,1.0,1,0,1.0,171.0,25.0,8.0
28,28,10,3,4,225.0,26.0,9.0,28.0,253465.0,93.0,0,1,1.0,0,0,2.0,169.0,24.0,2.0
11,26,10,4,4,289.0,36.0,13.0,33.0,253465.0,93.0,0,1,2.0,1,0,1.0,172.0,30.0,8.0
10,23,10,6,4,361.0,52.0,3.0,28.0,253465.0,93.0,0,1,1.0,1,0,4.0,172.0,27.0,1.0
20,28,10,6,4,260.0,50.0,11.0,36.0,253465.0,93.0,0,1,4.0,1,0,0.0,168.0,23.0,3.0
3,23,11,5,4,179.0,51.0,18.0,38.0,306345.0,93.0,0,1,0.0,1,0,0.0,170.0,31.0,1.0
28,23,11,4,4,225.0,26.0,9.0,28.0,306345.0,93.0,0,1,1.0,0,0,2.0,169.0,24.0,1.0
3,13,11,5,4,179.0,51.0,18.0,38.0,306345.0,93.0,0,1,0.0,1,0,0.0,170.0,31.0,8.0
17,21,11,5,4,179.0,22.0,17.0,40.0,306345.0,93.0,0,2,2.0,0,1,0.0,170.0,22.0,8.0
15,23,11,5,4,291.0,31.0,12.0,40.0,306345.0,93.0,0,1,1.0,1,0,1.0,171.0,25.0,5.0
14,10,11,2,4,155.0,12.0,14.0,34.0,306345.0,93.0,0,1,2.0,1,0,0.0,196.0,25.0,32.0
6,22,11,2,4,189.0,29.0,13.0,33.0,306345.0,93.0,0,1,2.0,0,0,2.0,167.0,25.0,8.0
15,14,11,2,4,291.0,31.0,12.0,40.0,306345.0,93.0,0,1,1.0,1,0,1.0,171.0,25.0,40.0
28,23,11,4,4,225.0,26.0,9.0,28.0,306345.0,93.0,0,1,1.0,0,0,2.0,169.0,24.0,1.0
14,6,11,6,4,155.0,12.0,14.0,34.0,306345.0,93.0,0,1,2.0,1,0,0.0,196.0,25.0,8.0
28,23,11,4,4,225.0,26.0,9.0,28.0,306345.0,93.0,0,1,1.0,0,0,2.0,169.0,24.0,3.0
17,21,11,4,4,179.0,22.0,17.0,40.0,306345.0,93.0,0,2,2.0,0,1,0.0,170.0,22.0,8.0
28,13,11,6,4,225.0,26.0,9.0,28.0,306345.0,93.0,0,1,1.0,0,0,2.0,169.0,24.0,3.0
20,28,11,6,4,260.0,50.0,11.0,36.0,306345.0,93.0,0,1,4.0,1,0,0.0,168.0,23.0,4.0
33,28,11,2,4,248.0,25.0,14.0,47.0,306345.0,93.0,0,1,2.0,0,0,1.0,165.0,32.0,1.0
28,28,11,3,4,225.0,26.0,9.0,28.0,306345.0,93.0,0,1,1.0,0,0,2.0,169.0,24.0,3.0
11,7,11,4,4,289.0,36.0,13.0,33.0,306345.0,93.0,0,1,2.0,1,0,1.0,172.0,30.0,24.0
15,23,11,5,4,291.0,31.0,12.0,40.0,306345.0,93.0,0,1,1.0,1,0,1.0,171.0,25.0,3.0
33,23,12,3,4,248.0,25.0,14.0,47.0,261306.0,97.0,0,1,2.0,0,0,1.0,165.0,32.0,1.0
34,19,12,3,4,118.0,10.0,10.0,37.0,261306.0,97.0,0,1,0.0,0,0,0.0,172.0,28.0,64.0
36,23,12,4,4,118.0,13.0,18.0,50.0,261306.0,97.0,0,1,1.0,1,0,0.0,178.0,31.0,2.0
1,26,12,4,4,235.0,11.0,14.0,37.0,261306.0,97.0,0,3,1.0,0,0,1.0,172.0,29.0,8.0
28,23,12,5,4,225.0,26.0,9.0,28.0,261306.0,97.0,0,1,1.0,0,0,2.0,169.0,24.0,2.0
20,26,12,6,4,260.0,50.0,11.0,36.0,261306.0,97.0,0,1,4.0,1,0,0.0,168.0,23.0,8.0
34,19,12,3,4,118.0,10.0,10.0,37.0,261306.0,97.0,0,1,0.0,0,0,0.0,172.0,28.0,56.0
10,22,12,4,4,361.0,52.0,3.0,28.0,261306.0,97.0,0,1,1.0,1,0,4.0,172.0,27.0,8.0
28,28,12,5,4,225.0,26.0,9.0,28.0,261306.0,97.0,0,1,1.0,0,0,2.0,169.0,24.0,3.0
20,28,12,6,4,260.0,50.0,11.0,36.0,261306.0,97.0,0,1,4.0,1,0,0.0,168.0,23.0,3.0
28,23,12,3,4,225.0,26.0,9.0,28.0,261306.0,97.0,0,1,1.0,0,0,2.0,169.0,24.0,2.0
10,22,12,4,4,361.0,52.0,3.0,28.0,261306.0,97.0,0,1,1.0,1,0,4.0,172.0,27.0,8.0
34,27,12,6,4,118.0,10.0,10.0,37.0,261306.0,97.0,0,1,0.0,0,0,0.0,172.0,28.0,2.0
24,19,12,6,2,246.0,25.0,16.0,41.0,261306.0,97.0,0,1,0.0,1,0,0.0,170.0,23.0,8.0
28,23,12,6,2,225.0,26.0,9.0,28.0,261306.0,97.0,0,1,1.0,0,0,2.0,169.0,24.0,2.0
28,23,1,4,2,225.0,26.0,9.0,28.0,308593.0,95.0,0,1,1.0,0,0,2.0,169.0,24.0,1.0
34,19,1,2,2,118.0,10.0,10.0,37.0,308593.0,95.0,0,1,0.0,0,0,0.0,172.0,28.0,1.0
34,27,1,3,2,118.0,10.0,10.0,37.0,308593.0,95.0,0,1,0.0,0,0,0.0,172.0,28.0,1.0
14,18,1,3,2,155.0,12.0,14.0,34.0,308593.0,95.0,0,1,2.0,1,0,0.0,196.0,25.0,8.0
28,27,1,4,2,225.0,26.0,9.0,28.0,308593.0,95.0,0,1,1.0,0,0,2.0,169.0,24.0,2.0
27,23,1,5,2,184.0,42.0,7.0,27.0,308593.0,95.0,0,1,0.0,0,0,0.0,167.0,21.0,2.0
28,28,1,5,2,225.0,26.0,9.0,28.0,308593.0,95.0,0,1,1.0,0,0,2.0,169.0,24.0,2.0
28,27,1,6,2,225.0,26.0,9.0,28.0,308593.0,95.0,0,1,1.0,0,0,2.0,169.0,24.0,1.0
34,27,1,2,2,118.0,10.0,10.0,37.0,308593.0,95.0,0,1,0.0,0,0,0.0,172.0,28.0,2.0
28,27,1,3,2,225.0,26.0,9.0,28.0,308593.0,95.0,0,1,1.0,0,0,2.0,169.0,24.0,2.0
34,27,1,3,2,118.0,10.0,10.0,37.0,308593.0,95.0,0,1,0.0,0,0,0.0,172.0,28.0,2.0
34,27,1,4,2,118.0,10.0,10.0,37.0,308593.0,95.0,0,1,0.0,0,0,0.0,172.0,28.0,2.0
34,27,1,5,2,118.0,10.0,10.0,37.0,308593.0,95.0,0,1,0.0,0,0,0.0,172.0,28.0,2.0
34,27,1,6,2,118.0,10.0,10.0,37.0,308593.0,95.0,0,1,0.0,0,0,0.0,172.0,28.0,2.0
34,27,1,2,2,118.0,10.0,10.0,37.0,308593.0,95.0,0,1,0.0,0,0,0.0,172.0,28.0,2.0
34,27,1,3,2,118.0,10.0,10.0,37.0,308593.0,95.0,0,1,0.0,0,0,0.0,172.0,28.0,2.0
22,18,1,3,2,179.0,26.0,9.0,30.0,308593.0,95.0,0,3,0.0,0,0,0.0,171.0,19.0,8.0
11,18,1,3,2,289.0,36.0,13.0,33.0,308593.0,95.0,0,1,2.0,1,0,1.0,172.0,30.0,8.0
34,27,1,4,2,118.0,10.0,10.0,37.0,308593.0,95.0,0,1,0.0,0,0,0.0,172.0,28.0,2.0
27,23,1,5,2,184.0,42.0,7.0,27.0,308593.0,95.0,0,1,0.0,0,0,0.0,167.0,21.0,2.0
34,27,1,5,2,118.0,10.0,10.0,37.0,308593.0,95.0,0,1,0.0,0,0,0.0,172.0,28.0,2.0
28,23,1,3,2,225.0,26.0,9.0,28.0,308593.0,95.0,0,1,1.0,0,0,2.0,169.0,24.0,1.0
11,22,1,5,2,289.0,36.0,13.0,33.0,308593.0,95.0,0,1,2.0,1,0,1.0,172.0,30.0,3.0
27,23,2,6,2,184.0,42.0,7.0,27.0,302585.0,99.0,0,1,0.0,0,0,0.0,167.0,21.0,1.0
24,1,2,4,2,246.0,25.0,16.0,41.0,302585.0,99.0,0,1,0.0,1,0,0.0,170.0,23.0,8.0
3,11,2,4,2,179.0,51.0,18.0,38.0,302585.0,99.0,0,1,0.0,1,0,0.0,170.0,31.0,8.0
14,28,2,5,2,155.0,12.0,14.0,34.0,302585.0,99.0,0,1,2.0,1,0,0.0,196.0,25.0,2.0
6,23,2,5,2,189.0,29.0,13.0,33.0,302585.0,99.0,0,1,2.0,0,0,2.0,167.0,25.0,8.0
20,28,2,6,2,260.0,50.0,11.0,36.0,302585.0,99.0,0,1,4.0,1,0,0.0,168.0,23.0,2.0
11,22,2,6,2,289.0,36.0,13.0,33.0,302585.0,99.0,0,1,2.0,1,0,1.0,172.0,30.0,8.0
31,11,2,2,2,388.0,15.0,9.0,50.0,302585.0,99.0,0,1,0.0,0,0,0.0,178.0,24.0,8.0
31,1,2,3,2,388.0,15.0,9.0,50.0,302585.0,99.0,0,1,0.0,0,0,0.0,178.0,24.0,8.0
28,28,2,2,2,225.0,26.0,9.0,28.0,302585.0,99.0,0,1,1.0,0,0,2.0,169.0,24.0,2.0
28,23,2,3,2,225.0,26.0,9.0,28.0,302585.0,99.0,0,1,1.0,0,0,2.0,169.0,24.0,2.0
22,23,2,3,2,179.0,26.0,9.0,30.0,302585.0,99.0,0,3,0.0,0,0,0.0,171.0,19.0,1.0
27,23,2,3,2,184.0,42.0,7.0,27.0,302585.0,99.0,0,1,0.0,0,0,0.0,167.0,21.0,8.0
28,25,2,5,2,225.0,26.0,9.0,28.0,302585.0,99.0,0,1,1.0,0,0,2.0,169.0,24.0,3.0
18,18,2,2,2,330.0,16.0,4.0,28.0,302585.0,99.0,0,2,0.0,0,0,0.0,182.0,25.0,8.0
18,23,2,3,2,330.0,16.0,4.0,28.0,302585.0,99.0,0,2,0.0,0,0,0.0,182.0,25.0,1.0
28,23,2,4,2,225.0,26.0,9.0,28.0,302585.0,99.0,0,1,1.0,0,0,2.0,169.0,24.0,1.0
6,19,2,5,2,189.0,29.0,13.0,33.0,302585.0,99.0,0,1,2.0,0,0,2.0,167.0,25.0,8.0
19,28,3,3,2,291.0,50.0,12.0,32.0,343253.0,95.0,0,1,0.0,1,0,0.0,169.0,23.0,2.0
20,19,3,3,2,260.0,50.0,11.0,36.0,343253.0,95.0,0,1,4.0,1,0,0.0,168.0,23.0,8.0
30,19,3,3,2,157.0,27.0,6.0,29.0,343253.0,95.0,0,1,0.0,1,1,0.0,185.0,22.0,3.0
17,17,3,3,2,179.0,22.0,17.0,40.0,343253.0,95.0,0,2,2.0,0,1,0.0,170.0,22.0,8.0
15,22,3,4,2,291.0,31.0,12.0,40.0,343253.0,95.0,0,1,1.0,1,0,1.0,171.0,25.0,8.0
20,13,3,4,2,260.0,50.0,11.0,36.0,343253.0,95.0,0,1,4.0,1,0,0.0,168.0,23.0,8.0
22,13,3,5,2,179.0,26.0,9.0,30.0,343253.0,95.0,0,3,0.0,0,0,0.0,171.0,19.0,8.0
33,14,3,6,2,248.0,25.0,14.0,47.0,343253.0,95.0,0,1,2.0,0,0,1.0,165.0,32.0,3.0
20,13,3,6,2,260.0,50.0,11.0,36.0,343253.0,95.0,0,1,4.0,1,0,0.0,168.0,23.0,40.0
17,11,3,2,2,179.0,22.0,17.0,40.0,343253.0,95.0,0,2,2.0,0,1,0.0,170.0,22.0,40.0
14,1,3,2,2,155.0,12.0,14.0,34.0,343253.0,95.0,0,1,2.0,1,0,0.0,196.0,25.0,16.0
20,26,3,2,2,260.0,50.0,11.0,36.0,343253.0,95.0,0,1,4.0,1,0,0.0,168.0,23.0,16.0
14,13,3,3,2,155.0,12.0,14.0,34.0,343253.0,95.0,0,1,2.0,1,0,0.0,196.0,25.0,8.0
11,6,3,5,2,289.0,36.0,13.0,33.0,343253.0,95.0,0,1,2.0,1,0,1.0,172.0,30.0,8.0
17,8,3,5,2,179.0,22.0,17.0,40.0,343253.0,95.0,0,2,2.0,0,1,0.0,170.0,22.0,8.0
20,28,3,6,2,260.0,50.0,11.0,36.0,343253.0,95.0,0,1,4.0,1,0,0.0,168.0,23.0,4.0
28,23,3,6,2,225.0,26.0,9.0,28.0,343253.0,95.0,0,1,1.0,0,0,2.0,169.0,24.0,1.0
7,14,3,2,2,279.0,5.0,14.0,39.0,343253.0,95.0,0,1,2.0,1,1,0.0,168.0,24.0,8.0
3,13,3,3,2,179.0,51.0,18.0,38.0,343253.0,95.0,0,1,0.0,1,0,0.0,170.0,31.0,24.0
28,23,3,4,2,225.0,26.0,9.0,28.0,343253.0,95.0,0,1,1.0,0,0,2.0,169.0,24.0,2.0
28,11,3,2,3,225.0,26.0,9.0,28.0,343253.0,95.0,0,1,1.0,0,0,2.0,169.0,24.0,8.0
22,13,3,2,3,179.0,26.0,9.0,30.0,343253.0,95.0,0,3,0.0,0,0,0.0,171.0,19.0,1.0
28,11,3,3,3,225.0,26.0,9.0,28.0,343253.0,95.0,0,1,1.0,0,0,2.0,169.0,24.0,8.0
28,11,3,4,3,225.0,26.0,9.0,28.0,343253.0,95.0,0,1,1.0,0,0,2.0,169.0,24.0,16.0
3,13,3,4,3,179.0,51.0,18.0,38.0,343253.0,95.0,0,1,0.0,1,0,0.0,170.0,31.0,3.0
7,14,3,5,3,279.0,5.0,14.0,39.0,343253.0,95.0,0,1,2.0,1,1,0.0,168.0,24.0,16.0
28,28,3,6,3,225.0,26.0,9.0,28.0,343253.0,95.0,0,1,1.0,0,0,2.0,169.0,24.0,2.0
33,14,3,6,3,248.0,25.0,14.0,47.0,343253.0,95.0,0,1,2.0,0,0,1.0,165.0,32.0,3.0
28,28,3,2,3,225.0,26.0,9.0,28.0,343253.0,95.0,0,1,1.0,0,0,2.0,169.0,24.0,1.0
15,28,4,4,3,291.0,31.0,12.0,40.0,326452.0,96.0,0,1,1.0,1,0,1.0,171.0,25.0,1.0
28,23,4,4,3,225.0,26.0,9.0,28.0,326452.0,96.0,0,1,1.0,0,0,2.0,169.0,24.0,1.0
14,28,4,3,3,155.0,12.0,14.0,34.0,326452.0,96.0,0,1,2.0,1,0,0.0,196.0,25.0,1.0
24,13,4,4,3,246.0,25.0,16.0,41.0,326452.0,96.0,0,1,0.0,1,0,0.0,170.0,23.0,24.0
14,23,4,5,3,155.0,12.0,14.0,34.0,326452.0,96.0,0,1,2.0,1,0,0.0,196.0,25.0,1.0
28,28,4,6,3,225.0,26.0,9.0,28.0,326452.0,96.0,0,1,1.0,0,0,2.0,169.0,24.0,2.0
20,28,4,6,3,260.0,50.0,11.0,36.0,326452.0,96.0,0,1,4.0,1,0,0.0,168.0,23.0,4.0
3,13,4,4,3,179.0,51.0,18.0,38.0,326452.0,96.0,0,1,0.0,1,0,0.0,170.0,31.0,24.0
36,23,4,5,3,118.0,13.0,18.0,50.0,326452.0,96.0,0,1,1.0,1,0,0.0,178.0,31.0,1.0
15,23,4,6,3,291.0,31.0,12.0,40.0,326452.0,96.0,0,1,1.0,1,0,1.0,171.0,25.0,3.0
24,14,4,6,3,246.0,25.0,16.0,41.0,326452.0,96.0,0,1,0.0,1,0,0.0,170.0,23.0,8.0
15,28,4,6,3,291.0,31.0,12.0,40.0,326452.0,96.0,0,1,1.0,1,0,1.0,171.0,25.0,1.0
33,28,4,6,3,248.0,25.0,14.0,47.0,326452.0,96.0,0,1,2.0,0,0,1.0,165.0,32.0,8.0
20,19,4,6,3,260.0,50.0,11.0,36.0,326452.0,96.0,0,1,4.0,1,0,0.0,168.0,23.0,56.0
11,19,4,3,3,289.0,36.0,13.0,33.0,326452.0,96.0,0,1,2.0,1,0,1.0,172.0,30.0,8.0
14,12,4,4,3,155.0,12.0,14.0,34.0,326452.0,96.0,0,1,2.0,1,0,0.0,196.0,25.0,24.0
23,19,4,4,3,378.0,49.0,11.0,36.0,326452.0,96.0,0,1,2.0,0,1,4.0,174.0,21.0,8.0
11,13,4,5,3,289.0,36.0,13.0,33.0,326452.0,96.0,0,1,2.0,1,0,1.0,172.0,30.0,16.0
1,7,4,6,3,235.0,11.0,14.0,37.0,326452.0,96.0,0,3,1.0,0,0,1.0,172.0,29.0,3.0
11,13,5,4,3,289.0,36.0,13.0,33.0,378884.0,92.0,0,1,2.0,1,0,1.0,172.0,30.0,8.0
14,28,5,5,3,155.0,12.0,14.0,34.0,378884.0,92.0,0,1,2.0,1,0,0.0,196.0,25.0,2.0
14,28,5,2,3,155.0,12.0,14.0,34.0,378884.0,92.0,0,1,2.0,1,0,0.0,196.0,25.0,1.0
3,18,5,3,3,179.0,51.0,18.0,38.0,378884.0,92.0,0,1,0.0,1,0,0.0,170.0,31.0,8.0
28,19,5,3,3,225.0,26.0,9.0,28.0,378884.0,92.0,0,1,1.0,0,0,2.0,169.0,24.0,8.0
27,7,5,4,3,184.0,42.0,7.0,27.0,378884.0,92.0,0,1,0.0,0,0,0.0,167.0,21.0,4.0
14,28,5,2,3,155.0,12.0,14.0,34.0,378884.0,92.0,0,1,2.0,1,0,0.0,196.0,25.0,2.0
3,12,5,3,3,179.0,51.0,18.0,38.0,378884.0,92.0,0,1,0.0,1,0,0.0,170.0,31.0,1.0
11,13,5,4,3,289.0,36.0,13.0,33.0,378884.0,92.0,0,1,2.0,1,0,1.0,172.0,30.0,24.0
3,11,5,3,3,179.0,51.0,18.0,38.0,378884.0,92.0,0,1,0.0,1,0,0.0,170.0,31.0,1.0
36,13,5,4,3,118.0,13.0,18.0,50.0,378884.0,92.0,0,1,1.0,1,0,0.0,178.0,31.0,24.0
10,22,5,6,3,361.0,52.0,3.0,28.0,378884.0,92.0,0,1,1.0,1,0,4.0,172.0,27.0,8.0
24,19,6,2,3,246.0,25.0,16.0,41.0,377550.0,94.0,0,1,0.0,1,0,0.0,170.0,23.0,8.0
10,22,6,2,3,361.0,52.0,3.0,28.0,377550.0,94.0,0,1,1.0,1,0,4.0,172.0,27.0,8.0
24,10,6,3,3,246.0,25.0,16.0,41.0,377550.0,94.0,0,1,0.0,1,0,0.0,170.0,23.0,24.0
15,23,6,5,3,291.0,31.0,12.0,40.0,377550.0,94.0,0,1,1.0,1,0,1.0,171.0,25.0,4.0
24,10,6,6,3,246.0,25.0,16.0,41.0,377550.0,94.0,0,1,0.0,1,0,0.0,170.0,23.0,8.0
3,11,6,2,3,179.0,51.0,18.0,38.0,377550.0,94.0,0,1,0.0,1,0,0.0,170.0,31.0,8.0
14,23,6,2,3,155.0,12.0,14.0,34.0,377550.0,94.0,0,1,2.0,1,0,0.0,196.0,25.0,4.0
24,10,6,2,3,246.0,25.0,16.0,41.0,377550.0,94.0,0,1,0.0,1,0,0.0,170.0,23.0,8.0
36,13,6,4,3,118.0,13.0,18.0,50.0,377550.0,94.0,0,1,1.0,1,0,0.0,178.0,31.0,8.0
1,13,6,6,3,235.0,11.0,14.0,37.0,377550.0,94.0,0,3,1.0,0,0,1.0,172.0,29.0,16.0
36,23,6,3,3,118.0,13.0,18.0,50.0,377550.0,94.0,0,1,1.0,1,0,0.0,178.0,31.0,1.0
36,13,6,4,3,118.0,13.0,18.0,50.0,377550.0,94.0,0,1,1.0,1,0,0.0,178.0,31.0,80.0
23,22,6,5,3,378.0,49.0,11.0,36.0,377550.0,94.0,0,1,2.0,0,1,4.0,174.0,21.0,8.0
3,11,6,6,3,179.0,51.0,18.0,38.0,377550.0,94.0,0,1,0.0,1,0,0.0,170.0,31.0,2.0
32,28,6,2,1,289.0,48.0,29.0,49.0,377550.0,94.0,0,1,0.0,0,0,2.0,172.0,36.0,2.0
28,28,6,5,1,225.0,26.0,9.0,28.0,377550.0,94.0,0,1,1.0,0,0,2.0,169.0,24.0,2.0
14,19,7,3,1,155.0,12.0,14.0,34.0,275312.0,98.0,0,1,2.0,1,0,0.0,196.0,25.0,16.0
36,1,7,4,1,118.0,13.0,18.0,50.0,275312.0,98.0,0,1,1.0,1,0,0.0,178.0,31.0,8.0
34,5,7,6,1,118.0,10.0,10.0,37.0,275312.0,98.0,0,1,0.0,0,0,0.0,172.0,28.0,8.0
34,26,7,6,1,118.0,10.0,10.0,37.0,275312.0,98.0,0,1,0.0,0,0,0.0,172.0,28.0,4.0
18,26,7,3,1,330.0,16.0,4.0,28.0,275312.0,98.0,0,2,0.0,0,0,0.0,182.0,25.0,8.0
22,18,7,5,1,179.0,26.0,9.0,30.0,275312.0,98.0,0,3,0.0,0,0,0.0,171.0,19.0,8.0
14,25,7,6,1,155.0,12.0,14.0,34.0,275312.0,98.0,0,1,2.0,1,0,0.0,196.0,25.0,2.0
18,1,7,2,1,330.0,16.0,4.0,28.0,275312.0,98.0,0,2,0.0,0,0,0.0,182.0,25.0,8.0
18,1,7,3,1,330.0,16.0,4.0,28.0,275312.0,98.0,0,2,0.0,0,0,0.0,182.0,25.0,8.0
30,25,7,2,1,157.0,27.0,6.0,29.0,275312.0,98.0,0,1,0.0,1,1,0.0,185.0,22.0,3.0
10,22,7,3,1,361.0,52.0,3.0,28.0,275312.0,98.0,0,1,1.0,1,0,4.0,172.0,27.0,8.0
11,26,7,4,1,289.0,36.0,13.0,33.0,275312.0,98.0,0,1,2.0,1,0,1.0,172.0,30.0,8.0
3,26,7,5,1,179.0,51.0,18.0,38.0,275312.0,98.0,0,1,0.0,1,0,0.0,170.0,31.0,8.0
11,19,7,2,1,289.0,36.0,13.0,33.0,275312.0,98.0,0,1,2.0,1,0,1.0,172.0,30.0,32.0
11,19,7,5,1,289.0,36.0,13.0,33.0,275312.0,98.0,0,1,2.0,1,0,1.0,172.0,30.0,8.0
11,19,8,6,1,289.0,36.0,13.0,33.0,265615.0,94.0,0,1,2.0,1,0,1.0,172.0,30.0,8.0
30,19,8,6,1,157.0,27.0,6.0,29.0,265615.0,94.0,0,1,0.0,1,1,0.0,185.0,22.0,3.0
11,23,8,2,1,289.0,36.0,13.0,33.0,265615.0,94.0,0,1,2.0,1,0,1.0,172.0,30.0,1.0
9,18,8,3,1,228.0,14.0,16.0,58.0,265615.0,94.0,0,1,2.0,0,0,1.0,172.0,22.0,8.0
26,13,8,5,1,300.0,26.0,13.0,43.0,265615.0,94.0,0,1,2.0,1,1,1.0,175.0,25.0,1.0
26,14,8,5,1,300.0,26.0,13.0,43.0,265615.0,94.0,0,1,2.0,1,1,1.0,175.0,25.0,2.0
20,28,8,6,1,260.0,50.0,11.0,36.0,265615.0,94.0,0,1,4.0,1,0,0.0,168.0,23.0,4.0
11,23,8,3,1,289.0,36.0,13.0,33.0,265615.0,94.0,0,1,2.0,1,0,1.0,172.0,30.0,4.0
33,23,8,4,1,248.0,25.0,14.0,47.0,265615.0,94.0,0,1,2.0,0,0,1.0,165.0,32.0,1.0
21,11,8,5,1,268.0,11.0,8.0,33.0,265615.0,94.0,0,2,0.0,0,0,0.0,178.0,25.0,8.0
22,23,8,5,1,179.0,26.0,9.0,30.0,265615.0,94.0,0,3,0.0,0,0,0.0,171.0,19.0,1.0
36,13,8,5,1,118.0,13.0,18.0,50.0,265615.0,94.0,0,1,1.0,1,0,0.0,178.0,31.0,3.0
33,25,8,2,1,248.0,25.0,14.0,47.0,265615.0,94.0,0,1,2.0,0,0,1.0,165.0,32.0,2.0
1,23,8,3,1,235.0,11.0,14.0,37.0,265615.0,94.0,0,3,1.0,0,0,1.0,172.0,29.0,1.0
36,23,8,5,1,118.0,13.0,18.0,50.0,265615.0,94.0,0,1,1.0,1,0,0.0,178.0,31.0,1.0
1,19,8,5,1,235.0,11.0,14.0,37.0,265615.0,94.0,0,3,1.0,0,0,1.0,172.0,29.0,8.0
10,8,8,3,1,361.0,52.0,3.0,28.0,265615.0,94.0,0,1,1.0,1,0,4.0,172.0,27.0,8.0
27,6,8,4,1,184.0,42.0,7.0,27.0,265615.0,94.0,0,1,0.0,0,0,0.0,167.0,21.0,8.0
3,11,9,2,1,179.0,51.0,18.0,38.0,294217.0,81.0,0,1,0.0,1,0,0.0,170.0,31.0,8.0
3,23,9,6,1,179.0,51.0,18.0,38.0,294217.0,81.0,0,1,0.0,1,0,0.0,170.0,31.0,3.0
11,19,9,4,1,289.0,36.0,13.0,33.0,294217.0,81.0,0,1,2.0,1,0,1.0,172.0,30.0,24.0
24,9,9,2,1,246.0,25.0,16.0,41.0,294217.0,81.0,0,1,0.0,1,0,0.0,170.0,23.0,16.0
15,28,9,3,1,291.0,31.0,12.0,40.0,294217.0,81.0,0,1,1.0,1,0,1.0,171.0,25.0,3.0
3,13,9,4,1,179.0,51.0,18.0,38.0,294217.0,81.0,0,1,0.0,1,0,0.0,170.0,31.0,8.0
24,9,9,4,1,246.0,25.0,16.0,41.0,294217.0,81.0,0,1,0.0,1,0,0.0,170.0,23.0,32.0
3,23,9,5,1,179.0,51.0,18.0,38.0,294217.0,81.0,0,1,0.0,1,0,0.0,170.0,31.0,1.0
15,28,9,6,1,291.0,31.0,12.0,40.0,294217.0,81.0,0,1,1.0,1,0,1.0,171.0,25.0,4.0
20,28,9,6,1,260.0,50.0,11.0,36.0,294217.0,81.0,0,1,4.0,1,0,0.0,168.0,23.0,4.0
5,26,9,4,4,235.0,20.0,13.0,43.0,294217.0,81.0,0,1,1.0,1,0,0.0,167.0,38.0,8.0
36,28,9,5,4,118.0,13.0,18.0,50.0,294217.0,81.0,0,1,1.0,1,0,0.0,178.0,31.0,1.0
15,28,9,6,4,291.0,31.0,12.0,40.0,294217.0,81.0,0,1,1.0,1,0,1.0,171.0,25.0,3.0
15,7,9,2,4,291.0,31.0,12.0,40.0,294217.0,81.0,0,1,1.0,1,0,1.0,171.0,25.0,40.0
3,13,9,2,4,179.0,51.0,18.0,38.0,294217.0,81.0,0,1,0.0,1,0,0.0,170.0,31.0,8.0
11,24,10,2,4,289.0,36.0,13.0,33.0,265017.0,88.0,0,1,2.0,1,0,1.0,172.0,30.0,8.0
1,26,10,2,4,235.0,11.0,14.0,37.0,265017.0,88.0,0,3,1.0,0,0,1.0,172.0,29.0,4.0
11,26,10,2,4,289.0,36.0,13.0,33.0,265017.0,88.0,0,1,2.0,1,0,1.0,172.0,30.0,8.0
11,22,10,6,4,289.0,36.0,13.0,33.0,265017.0,88.0,0,1,2.0,1,0,1.0,172.0,30.0,8.0
22,1,10,2,4,179.0,26.0,9.0,30.0,265017.0,88.0,0,3,0.0,0,0,0.0,171.0,19.0,8.0
34,7,10,2,4,118.0,10.0,10.0,37.0,265017.0,88.0,0,1,0.0,0,0,0.0,172.0,28.0,3.0
13,22,10,2,4,369.0,17.0,12.0,31.0,265017.0,88.0,0,1,3.0,1,0,0.0,169.0,25.0,8.0
3,28,10,4,4,179.0,51.0,18.0,38.0,265017.0,88.0,0,1,0.0,1,0,0.0,170.0,31.0,1.0
22,1,10,4,4,179.0,26.0,9.0,30.0,265017.0,88.0,0,3,0.0,0,0,0.0,171.0,19.0,64.0
11,19,10,5,4,289.0,36.0,13.0,33.0,265017.0,88.0,0,1,2.0,1,0,1.0,172.0,30.0,16.0
20,28,10,6,4,260.0,50.0,11.0,36.0,265017.0,88.0,0,1,4.0,1,0,0.0,168.0,23.0,3.0
5,23,10,2,4,235.0,20.0,13.0,43.0,265017.0,88.0,0,1,1.0,1,0,0.0,167.0,38.0,2.0
5,23,10,2,4,235.0,20.0,13.0,43.0,265017.0,88.0,0,1,1.0,1,0,0.0,167.0,38.0,2.0
36,28,10,3,4,118.0,13.0,18.0,50.0,265017.0,88.0,0,1,1.0,1,0,0.0,178.0,31.0,1.0
15,28,10,3,4,291.0,31.0,12.0,40.0,265017.0,88.0,0,1,1.0,1,0,1.0,171.0,25.0,4.0
22,23,10,5,4,179.0,26.0,9.0,30.0,265017.0,88.0,0,3,0.0,0,0,0.0,171.0,19.0,16.0
36,28,10,5,4,118.0,13.0,18.0,50.0,265017.0,88.0,0,1,1.0,1,0,0.0,178.0,31.0,1.0
10,10,10,2,4,361.0,52.0,3.0,28.0,265017.0,88.0,0,1,1.0,1,0,4.0,172.0,27.0,8.0
22,1,10,4,4,179.0,26.0,9.0,30.0,265017.0,88.0,0,3,0.0,0,0,0.0,171.0,19.0,5.0
22,7,10,4,4,179.0,26.0,9.0,30.0,265017.0,88.0,0,3,0.0,0,0,0.0,171.0,19.0,5.0
36,23,10,5,4,118.0,13.0,18.0,50.0,265017.0,88.0,0,1,1.0,1,0,0.0,178.0,31.0,1.0
34,11,11,2,4,118.0,10.0,10.0,37.0,284031.0,97.0,0,1,0.0,0,0,0.0,172.0,28.0,8.0
33,23,11,2,4,248.0,25.0,14.0,47.0,284031.0,97.0,0,1,2.0,0,0,1.0,165.0,32.0,2.0
3,6,11,3,4,179.0,51.0,18.0,38.0,284031.0,97.0,0,1,0.0,1,0,0.0,170.0,31.0,8.0
20,28,11,6,4,260.0,50.0,11.0,36.0,284031.0,97.0,0,1,4.0,1,0,0.0,168.0,23.0,3.0
15,23,11,2,4,291.0,31.0,12.0,40.0,284031.0,97.0,0,1,1.0,1,0,1.0,171.0,25.0,1.0
23,1,11,2,4,378.0,49.0,11.0,36.0,284031.0,97.0,0,1,2.0,0,1,4.0,174.0,21.0,8.0
14,11,11,2,4,155.0,12.0,14.0,34.0,284031.0,97.0,0,1,2.0,1,0,0.0,196.0,25.0,120.0
5,26,11,2,4,235.0,20.0,13.0,43.0,284031.0,97.0,0,1,1.0,1,0,0.0,167.0,38.0,8.0
1,18,11,4,4,235.0,11.0,14.0,37.0,284031.0,97.0,0,3,1.0,0,0,1.0,172.0,29.0,1.0
34,11,11,4,4,118.0,10.0,10.0,37.0,284031.0,97.0,0,1,0.0,0,0,0.0,172.0,28.0,3.0
1,25,11,5,4,235.0,11.0,14.0,37.0,284031.0,97.0,0,3,1.0,0,0,1.0,172.0,29.0,2.0
3,28,11,5,4,179.0,51.0,18.0,38.0,284031.0,97.0,0,1,0.0,1,0,0.0,170.0,31.0,3.0
24,13,11,6,4,246.0,25.0,16.0,41.0,284031.0,97.0,0,1,0.0,1,0,0.0,170.0,23.0,8.0
15,12,11,6,4,291.0,31.0,12.0,40.0,284031.0,97.0,0,1,1.0,1,0,1.0,171.0,25.0,4.0
24,13,11,2,4,246.0,25.0,16.0,41.0,284031.0,97.0,0,1,0.0,1,0,0.0,170.0,23.0,8.0
3,28,11,3,4,179.0,51.0,18.0,38.0,284031.0,97.0,0,1,0.0,1,0,0.0,170.0,31.0,1.0
20,10,11,4,4,260.0,50.0,11.0,36.0,284031.0,97.0,0,1,4.0,1,0,0.0,168.0,23.0,8.0
20,15,11,6,4,260.0,50.0,11.0,36.0,284031.0,97.0,0,1,4.0,1,0,0.0,168.0,23.0,8.0
3,23,11,5,4,179.0,51.0,18.0,38.0,284031.0,97.0,0,1,0.0,1,0,0.0,170.0,31.0,1.0
28,12,12,2,4,225.0,26.0,9.0,28.0,236629.0,93.0,0,1,1.0,0,0,2.0,169.0,24.0,3.0
3,28,12,2,4,179.0,51.0,18.0,38.0,236629.0,93.0,0,1,0.0,1,0,0.0,170.0,31.0,2.0
3,28,12,2,4,179.0,51.0,18.0,38.0,236629.0,93.0,0,1,0.0,1,0,0.0,170.0,31.0,1.0
1,23,12,2,4,235.0,11.0,14.0,37.0,236629.0,93.0,0,3,1.0,0,0,1.0,172.0,29.0,3.0
36,28,12,3,4,118.0,13.0,18.0,50.0,236629.0,93.0,0,1,1.0,1,0,0.0,178.0,31.0,1.0
20,28,12,6,4,260.0,50.0,11.0,36.0,236629.0,93.0,0,1,4.0,1,0,0.0,168.0,23.0,4.0
24,4,12,5,4,246.0,25.0,16.0,41.0,236629.0,93.0,0,1,0.0,1,0,0.0,170.0,23.0,8.0
3,28,12,5,4,179.0,51.0,18.0,38.0,236629.0,93.0,0,1,0.0,1,0,0.0,170.0,31.0,1.0
3,28,12,6,4,179.0,51.0,18.0,38.0,236629.0,93.0,0,1,0.0,1,0,0.0,170.0,31.0,1.0
22,23,12,3,4,179.0,26.0,9.0,30.0,236629.0,93.0,0,3,0.0,0,0,0.0,171.0,19.0,1.0
34,25,12,3,4,118.0,10.0,10.0,37.0,236629.0,93.0,0,1,0.0,0,0,0.0,172.0,28.0,8.0
1,25,12,5,4,235.0,11.0,14.0,37.0,236629.0,93.0,0,3,1.0,0,0,1.0,172.0,29.0,2.0
3,28,12,6,4,179.0,51.0,18.0,38.0,236629.0,93.0,0,1,0.0,1,0,0.0,170.0,31.0,1.0
5,13,12,3,2,235.0,20.0,13.0,43.0,236629.0,93.0,0,1,1.0,1,0,0.0,167.0,38.0,8.0
1,14,12,3,2,235.0,11.0,14.0,37.0,236629.0,93.0,0,3,1.0,0,0,1.0,172.0,29.0,4.0
20,26,12,4,2,260.0,50.0,11.0,36.0,236629.0,93.0,0,1,4.0,1,0,0.0,168.0,23.0,8.0
30,28,12,2,2,157.0,27.0,6.0,29.0,236629.0,93.0,0,1,0.0,1,1,0.0,185.0,22.0,2.0
3,28,12,2,2,179.0,51.0,18.0,38.0,236629.0,93.0,0,1,0.0,1,0,0.0,170.0,31.0,3.0
11,19,12,2,2,289.0,36.0,13.0,33.0,236629.0,93.0,0,1,2.0,1,0,1.0,172.0,30.0,8.0
28,23,1,4,2,225.0,26.0,9.0,28.0,330061.0,100.0,0,1,1.0,0,0,2.0,169.0,24.0,5.0
34,19,1,2,2,118.0,10.0,10.0,37.0,330061.0,100.0,0,1,0.0,0,0,0.0,172.0,28.0,32.0
14,23,1,2,2,155.0,12.0,14.0,34.0,330061.0,100.0,0,1,2.0,1,0,0.0,196.0,25.0,2.0
1,13,1,3,2,235.0,11.0,14.0,37.0,330061.0,100.0,0,3,1.0,0,0,1.0,172.0,29.0,1.0
14,23,1,3,2,155.0,12.0,14.0,34.0,330061.0,100.0,0,1,2.0,1,0,0.0,196.0,25.0,4.0
11,26,1,2,2,289.0,36.0,13.0,33.0,330061.0,100.0,0,1,2.0,1,0,1.0,172.0,30.0,8.0
15,3,1,4,2,291.0,31.0,12.0,40.0,330061.0,100.0,0,1,1.0,1,0,1.0,171.0,25.0,8.0
5,26,1,2,2,235.0,20.0,13.0,43.0,330061.0,100.0,0,1,1.0,1,0,0.0,167.0,38.0,8.0
36,26,1,2,2,118.0,13.0,18.0,50.0,330061.0,100.0,0,1,1.0,1,0,0.0,178.0,31.0,4.0
3,28,1,4,2,179.0,51.0,18.0,38.0,330061.0,100.0,0,1,0.0,1,0,0.0,170.0,31.0,1.0
3,28,1,6,2,179.0,51.0,18.0,38.0,330061.0,100.0,0,1,0.0,1,0,0.0,170.0,31.0,1.0
34,28,2,3,2,118.0,10.0,10.0,37.0,251818.0,96.0,0,1,0.0,0,0,0.0,172.0,28.0,2.0
3,27,2,4,2,179.0,51.0,18.0,38.0,251818.0,96.0,0,1,0.0,1,0,0.0,170.0,31.0,3.0
28,7,2,4,2,225.0,26.0,9.0,28.0,251818.0,96.0,0,1,1.0,0,0,2.0,169.0,24.0,1.0
11,22,2,6,2,289.0,36.0,13.0,33.0,251818.0,96.0,0,1,2.0,1,0,1.0,172.0,30.0,3.0
20,28,2,6,2,260.0,50.0,11.0,36.0,251818.0,96.0,0,1,4.0,1,0,0.0,168.0,23.0,3.0
3,23,2,6,2,179.0,51.0,18.0,38.0,251818.0,96.0,0,1,0.0,1,0,0.0,170.0,31.0,3.0
3,27,2,2,2,179.0,51.0,18.0,38.0,251818.0,96.0,0,1,0.0,1,0,0.0,170.0,31.0,2.0
3,27,2,4,2,179.0,51.0,18.0,38.0,251818.0,96.0,0,1,0.0,1,0,0.0,170.0,31.0,3.0
3,10,2,5,2,179.0,51.0,18.0,38.0,251818.0,96.0,0,1,0.0,1,0,0.0,170.0,31.0,8.0
24,26,2,5,2,246.0,25.0,16.0,41.0,251818.0,96.0,0,1,0.0,1,0,0.0,170.0,23.0,8.0
3,27,2,6,2,179.0,51.0,18.0,38.0,251818.0,96.0,0,1,0.0,1,0,0.0,170.0,31.0,3.0
6,22,2,2,2,189.0,29.0,13.0,33.0,251818.0,96.0,0,1,2.0,0,0,2.0,167.0,25.0,8.0
3,27,2,2,2,179.0,51.0,18.0,38.0,251818.0,96.0,0,1,0.0,1,0,0.0,170.0,31.0,3.0
24,23,2,3,2,246.0,25.0,16.0,41.0,251818.0,96.0,0,1,0.0,1,0,0.0,170.0,23.0,2.0
15,23,2,3,2,291.0,31.0,12.0,40.0,251818.0,96.0,0,1,1.0,1,0,1.0,171.0,25.0,2.0
30,11,2,4,2,157.0,27.0,6.0,29.0,251818.0,96.0,0,1,0.0,1,1,0.0,185.0,22.0,16.0
3,27,2,4,2,179.0,51.0,18.0,38.0,251818.0,96.0,0,1,0.0,1,0,0.0,170.0,31.0,3.0
3,27,2,6,2,179.0,51.0,18.0,38.0,251818.0,96.0,0,1,0.0,1,0,0.0,170.0,31.0,3.0
24,10,2,6,2,246.0,25.0,16.0,41.0,251818.0,96.0,0,1,0.0,1,0,0.0,170.0,23.0,24.0
3,27,2,4,2,179.0,51.0,18.0,38.0,251818.0,96.0,0,1,0.0,1,0,0.0,170.0,31.0,3.0
3,27,2,6,2,179.0,51.0,18.0,38.0,251818.0,96.0,0,1,0.0,1,0,0.0,170.0,31.0,3.0
34,18,3,3,2,118.0,10.0,10.0,37.0,244387.0,98.0,0,1,0.0,0,0,0.0,172.0,28.0,8.0
24,19,3,4,2,246.0,25.0,16.0,41.0,244387.0,98.0,0,1,0.0,1,0,0.0,170.0,23.0,16.0
24,28,3,6,2,246.0,25.0,16.0,41.0,244387.0,98.0,0,1,0.0,1,0,0.0,170.0,23.0,2.0
20,28,3,6,2,260.0,50.0,11.0,36.0,244387.0,98.0,0,1,4.0,1,0,0.0,168.0,23.0,4.0
3,28,3,2,2,179.0,51.0,18.0,38.0,244387.0,98.0,0,1,0.0,1,0,0.0,170.0,31.0,2.0
1,22,3,2,2,235.0,11.0,14.0,37.0,244387.0,98.0,0,3,1.0,0,0,1.0,172.0,29.0,8.0
17,22,3,3,2,179.0,22.0,17.0,40.0,244387.0,98.0,0,2,2.0,0,1,0.0,170.0,22.0,8.0
23,22,3,3,2,378.0,49.0,11.0,36.0,244387.0,98.0,0,1,2.0,0,1,4.0,174.0,21.0,8.0
3,28,3,2,2,179.0,51.0,18.0,38.0,244387.0,98.0,0,1,0.0,1,0,0.0,170.0,31.0,16.0
10,22,3,4,2,361.0,52.0,3.0,28.0,244387.0,98.0,0,1,1.0,1,0,4.0,172.0,27.0,8.0
1,21,3,5,2,235.0,11.0,14.0,37.0,244387.0,98.0,0,3,1.0,0,0,1.0,172.0,29.0,8.0
36,23,3,6,3,118.0,13.0,18.0,50.0,244387.0,98.0,0,1,1.0,1,0,0.0,178.0,31.0,2.0
36,14,3,3,3,118.0,13.0,18.0,50.0,244387.0,98.0,0,1,1.0,1,0,0.0,178.0,31.0,3.0
36,13,3,4,3,118.0,13.0,18.0,50.0,244387.0,98.0,0,1,1.0,1,0,0.0,178.0,31.0,8.0
3,28,3,6,3,179.0,51.0,18.0,38.0,244387.0,98.0,0,1,0.0,1,0,0.0,170.0,31.0,8.0
11,22,3,6,3,289.0,36.0,13.0,33.0,244387.0,98.0,0,1,2.0,1,0,1.0,172.0,30.0,8.0
20,19,3,2,3,260.0,50.0,11.0,36.0,244387.0,98.0,0,1,4.0,1,0,0.0,168.0,23.0,8.0
24,28,3,3,3,246.0,25.0,16.0,41.0,244387.0,98.0,0,1,0.0,1,0,0.0,170.0,23.0,2.0
3,28,4,4,3,179.0,51.0,18.0,38.0,239409.0,98.0,0,1,0.0,1,0,0.0,170.0,31.0,4.0
20,28,4,6,3,260.0,50.0,11.0,36.0,239409.0,98.0,0,1,4.0,1,0,0.0,168.0,23.0,3.0
18,26,4,6,3,330.0,16.0,4.0,28.0,239409.0,98.0,0,2,0.0,0,0,0.0,182.0,25.0,4.0
13,22,4,2,3,369.0,17.0,12.0,31.0,239409.0,98.0,0,1,3.0,1,0,0.0,169.0,25.0,4.0
33,26,4,2,3,248.0,25.0,14.0,47.0,239409.0,98.0,0,1,2.0,0,0,1.0,165.0,32.0,4.0
18,23,4,4,3,330.0,16.0,4.0,28.0,239409.0,98.0,0,2,0.0,0,0,0.0,182.0,25.0,8.0
3,28,4,4,3,179.0,51.0,18.0,38.0,239409.0,98.0,0,1,0.0,1,0,0.0,170.0,31.0,8.0
36,23,4,2,3,118.0,13.0,18.0,50.0,239409.0,98.0,0,1,1.0,1,0,0.0,178.0,31.0,1.0
36,13,4,4,3,118.0,13.0,18.0,50.0,239409.0,98.0,0,1,1.0,1,0,0.0,178.0,31.0,120.0
26,28,4,6,3,300.0,26.0,13.0,43.0,239409.0,98.0,0,1,2.0,1,1,1.0,175.0,25.0,8.0
20,28,4,6,3,260.0,50.0,11.0,36.0,239409.0,98.0,0,1,4.0,1,0,0.0,168.0,23.0,4.0
3,28,4,2,3,179.0,51.0,18.0,38.0,239409.0,98.0,0,1,0.0,1,0,0.0,170.0,31.0,4.0
34,11,4,4,3,118.0,10.0,10.0,37.0,239409.0,98.0,0,1,0.0,0,0,0.0,172.0,28.0,2.0
5,13,5,2,3,235.0,20.0,13.0,43.0,246074.0,99.0,0,1,1.0,1,0,0.0,167.0,38.0,16.0
33,23,5,4,3,248.0,25.0,14.0,47.0,246074.0,99.0,0,1,2.0,0,0,1.0,165.0,32.0,2.0
13,10,5,2,3,369.0,17.0,12.0,31.0,246074.0,99.0,0,1,3.0,1,0,0.0,169.0,25.0,8.0
22,23,5,4,3,179.0,26.0,9.0,30.0,246074.0,99.0,0,3,0.0,0,0,0.0,171.0,19.0,3.0
3,28,5,4,3,179.0,51.0,18.0,38.0,246074.0,99.0,0,1,0.0,1,0,0.0,170.0,31.0,4.0
10,23,5,5,3,361.0,52.0,3.0,28.0,246074.0,99.0,0,1,1.0,1,0,4.0,172.0,27.0,1.0
20,28,5,6,3,260.0,50.0,11.0,36.0,246074.0,99.0,0,1,4.0,1,0,0.0,168.0,23.0,3.0
17,11,5,2,3,179.0,22.0,17.0,40.0,246074.0,99.0,0,2,2.0,0,1,0.0,170.0,22.0,2.0
17,8,5,2,3,179.0,22.0,17.0,40.0,246074.0,99.0,0,2,2.0,0,1,0.0,170.0,22.0,3.0
9,18,5,4,3,228.0,14.0,16.0,58.0,246074.0,99.0,0,1,2.0,0,0,1.0,172.0,22.0,8.0
28,25,5,4,3,225.0,26.0,9.0,28.0,246074.0,99.0,0,1,1.0,0,0,2.0,169.0,24.0,3.0
18,13,5,6,3,330.0,16.0,4.0,28.0,246074.0,99.0,0,2,0.0,0,0,0.0,182.0,25.0,8.0
22,25,5,2,3,179.0,26.0,9.0,30.0,246074.0,99.0,0,3,0.0,0,0,0.0,171.0,19.0,2.0
34,28,5,2,3,118.0,10.0,10.0,37.0,246074.0,99.0,0,1,0.0,0,0,0.0,172.0,28.0,1.0
1,1,5,2,3,235.0,11.0,14.0,37.0,246074.0,99.0,0,3,1.0,0,0,1.0,172.0,29.0,8.0
22,23,5,4,3,179.0,26.0,9.0,30.0,246074.0,99.0,0,3,0.0,0,0,0.0,171.0,19.0,3.0
34,23,6,2,3,118.0,10.0,10.0,37.0,253957.0,95.0,0,1,0.0,0,0,0.0,172.0,28.0,3.0
3,28,6,2,3,179.0,51.0,18.0,38.0,253957.0,95.0,0,1,0.0,1,0,0.0,170.0,31.0,3.0
34,28,6,3,3,118.0,10.0,10.0,37.0,253957.0,95.0,0,1,0.0,0,0,0.0,172.0,28.0,2.0
28,23,6,5,3,225.0,26.0,9.0,28.0,253957.0,95.0,0,1,1.0,0,0,2.0,169.0,24.0,4.0
20,28,6,6,3,260.0,50.0,11.0,36.0,253957.0,95.0,0,1,4.0,1,0,0.0,168.0,23.0,4.0
15,13,6,2,3,291.0,31.0,12.0,40.0,253957.0,95.0,0,1,1.0,1,0,1.0,171.0,25.0,40.0
3,28,6,2,3,179.0,51.0,18.0,38.0,253957.0,95.0,0,1,0.0,1,0,0.0,170.0,31.0,24.0
24,28,6,3,3,246.0,25.0,16.0,41.0,253957.0,95.0,0,1,0.0,1,0,0.0,170.0,23.0,3.0
3,28,6,2,3,179.0,51.0,18.0,38.0,253957.0,95.0,0,1,0.0,1,0,0.0,170.0,31.0,4.0
5,26,6,3,3,235.0,20.0,13.0,43.0,253957.0,95.0,0,1,1.0,1,0,0.0,167.0,38.0,8.0
3,28,6,2,1,179.0,51.0,18.0,38.0,253957.0,95.0,0,1,0.0,1,0,0.0,170.0,31.0,2.0
28,23,6,4,1,225.0,26.0,9.0,28.0,253957.0,95.0,0,1,1.0,0,0,2.0,169.0,24.0,2.0
36,23,6,4,1,118.0,13.0,18.0,50.0,253957.0,95.0,0,1,1.0,1,0,0.0,178.0,31.0,2.0
3,5,6,4,1,179.0,51.0,18.0,38.0,253957.0,95.0,0,1,0.0,1,0,0.0,170.0,31.0,8.0
22,21,6,4,1,179.0,26.0,9.0,30.0,253957.0,95.0,0,3,0.0,0,0,0.0,171.0,19.0,2.0
24,28,6,6,1,246.0,25.0,16.0,41.0,253957.0,95.0,0,1,0.0,1,0,0.0,170.0,23.0,2.0
18,11,6,3,1,330.0,16.0,4.0,28.0,253957.0,95.0,0,2,0.0,0,0,0.0,182.0,25.0,1.0
1,13,6,3,1,235.0,11.0,14.0,37.0,253957.0,95.0,0,3,1.0,0,0,1.0,172.0,29.0,8.0
22,23,7,5,1,179.0,26.0,9.0,30.0,230290.0,92.0,0,3,0.0,0,0,0.0,171.0,19.0,2.0
28,25,7,5,1,225.0,26.0,9.0,28.0,230290.0,92.0,0,1,1.0,0,0,2.0,169.0,24.0,4.0
20,13,7,6,1,260.0,50.0,11.0,36.0,230290.0,92.0,0,1,4.0,1,0,0.0,168.0,23.0,8.0
21,7,7,2,1,268.0,11.0,8.0,33.0,230290.0,92.0,0,2,0.0,0,0,0.0,178.0,25.0,8.0
18,25,7,6,1,330.0,16.0,4.0,28.0,230290.0,92.0,0,2,0.0,0,0,0.0,182.0,25.0,8.0
34,26,7,6,1,118.0,10.0,10.0,37.0,230290.0,92.0,0,1,0.0,0,0,0.0,172.0,28.0,8.0
20,26,7,2,1,260.0,50.0,11.0,36.0,230290.0,92.0,0,1,4.0,1,0,0.0,168.0,23.0,4.0
34,28,7,3,1,118.0,10.0,10.0,37.0,230290.0,92.0,0,1,0.0,0,0,0.0,172.0,28.0,8.0
26,15,7,2,1,300.0,26.0,13.0,43.0,230290.0,92.0,0,1,2.0,1,1,1.0,175.0,25.0,8.0
2,23,7,2,1,235.0,29.0,12.0,48.0,230290.0,92.0,0,1,1.0,0,1,5.0,163.0,33.0,1.0
24,28,7,3,1,246.0,25.0,16.0,41.0,230290.0,92.0,0,1,0.0,1,0,0.0,170.0,23.0,2.0
28,9,7,3,1,225.0,26.0,9.0,28.0,230290.0,92.0,0,1,1.0,0,0,2.0,169.0,24.0,112.0
3,28,7,3,1,179.0,51.0,18.0,38.0,230290.0,92.0,0,1,0.0,1,0,0.0,170.0,31.0,1.0
36,23,7,6,1,118.0,13.0,18.0,50.0,230290.0,92.0,0,1,1.0,1,0,0.0,178.0,31.0,1.0
10,22,7,6,1,361.0,52.0,3.0,28.0,230290.0,92.0,0,1,1.0,1,0,4.0,172.0,27.0,8.0
11,22,7,2,1,289.0,36.0,13.0,33.0,230290.0,92.0,0,1,2.0,1,0,1.0,172.0,30.0,8.0
5,26,7,2,1,235.0,20.0,13.0,43.0,230290.0,92.0,0,1,1.0,1,0,0.0,167.0,38.0,8.0
24,28,7,3,1,246.0,25.0,16.0,41.0,230290.0,92.0,0,1,0.0,1,0,0.0,170.0,23.0,2.0
15,28,7,5,1,291.0,31.0,12.0,40.0,230290.0,92.0,0,1,1.0,1,0,1.0,171.0,25.0,1.0
7,23,7,5,1,279.0,5.0,14.0,39.0,230290.0,92.0,0,1,2.0,1,1,0.0,168.0,24.0,2.0
3,25,8,5,1,179.0,51.0,18.0,38.0,249797.0,93.0,0,1,0.0,1,0,0.0,170.0,31.0,4.0
17,25,8,2,1,179.0,22.0,17.0,40.0,249797.0,93.0,0,2,2.0,0,1,0.0,170.0,22.0,1.0
24,28,8,3,1,246.0,25.0,16.0,41.0,249797.0,93.0,0,1,0.0,1,0,0.0,170.0,23.0,4.0
34,28,8,3,1,118.0,10.0,10.0,37.0,249797.0,93.0,0,1,0.0,0,0,0.0,172.0,28.0,4.0
11,26,8,3,1,289.0,36.0,13.0,33.0,249797.0,93.0,0,1,2.0,1,0,1.0,172.0,30.0,8.0
5,26,8,3,1,235.0,20.0,13.0,43.0,249797.0,93.0,0,1,1.0,1,0,0.0,167.0,38.0,8.0
15,28,8,5,1,291.0,31.0,12.0,40.0,249797.0,93.0,0,1,1.0,1,0,1.0,171.0,25.0,4.0
3,25,8,2,1,179.0,51.0,18.0,38.0,249797.0,93.0,0,1,0.0,1,0,0.0,170.0,31.0,4.0
17,25,8,3,1,179.0,22.0,17.0,40.0,249797.0,93.0,0,2,2.0,0,1,0.0,170.0,22.0,8.0
18,23,8,5,1,330.0,16.0,4.0,28.0,249797.0,93.0,0,2,0.0,0,0,0.0,182.0,25.0,16.0
1,23,8,3,1,235.0,11.0,14.0,37.0,249797.0,93.0,0,3,1.0,0,0,1.0,172.0,29.0,4.0
24,28,8,3,1,246.0,25.0,16.0,41.0,249797.0,93.0,0,1,0.0,1,0,0.0,170.0,23.0,1.0
34,28,8,3,1,118.0,10.0,10.0,37.0,249797.0,93.0,0,1,0.0,0,0,0.0,172.0,28.0,5.0
15,28,8,5,1,291.0,31.0,12.0,40.0,249797.0,93.0,0,1,1.0,1,0,1.0,171.0,25.0,2.0
20,28,8,2,1,260.0,50.0,11.0,36.0,249797.0,93.0,0,1,4.0,1,0,0.0,168.0,23.0,3.0
24,28,9,3,1,246.0,25.0,16.0,41.0,261756.0,87.0,0,1,0.0,1,0,0.0,170.0,23.0,1.0
24,28,9,3,1,246.0,25.0,16.0,41.0,261756.0,87.0,0,1,0.0,1,0,0.0,170.0,23.0,1.0
34,28,9,3,1,118.0,10.0,10.0,37.0,261756.0,87.0,0,1,0.0,0,0,0.0,172.0,28.0,3.0
14,23,9,3,1,155.0,12.0,14.0,34.0,261756.0,87.0,0,1,2.0,1,0,0.0,196.0,25.0,2.0
15,28,9,5,1,291.0,31.0,12.0,40.0,261756.0,87.0,0,1,1.0,1,0,1.0,171.0,25.0,2.0
22,23,9,6,1,179.0,26.0,9.0,30.0,261756.0,87.0,0,3,0.0,0,0,0.0,171.0,19.0,8.0
33,23,9,6,1,248.0,25.0,14.0,47.0,261756.0,87.0,0,1,2.0,0,0,1.0,165.0,32.0,1.0
3,23,9,2,1,179.0,51.0,18.0,38.0,261756.0,87.0,0,1,0.0,1,0,0.0,170.0,31.0,4.0
28,23,9,4,1,225.0,26.0,9.0,28.0,261756.0,87.0,0,1,1.0,0,0,2.0,169.0,24.0,1.0
22,23,9,2,1,179.0,26.0,9.0,30.0,261756.0,87.0,0,3,0.0,0,0,0.0,171.0,19.0,2.0
13,23,9,3,4,369.0,17.0,12.0,31.0,261756.0,87.0,0,1,3.0,1,0,0.0,169.0,25.0,8.0
10,22,9,3,4,361.0,52.0,3.0,28.0,261756.0,87.0,0,1,1.0,1,0,4.0,172.0,27.0,8.0
32,4,10,5,4,289.0,48.0,29.0,49.0,284853.0,91.0,0,1,0.0,0,0,2.0,172.0,36.0,1.0
25,11,10,5,4,235.0,16.0,8.0,32.0,284853.0,91.0,0,3,0.0,0,0,0.0,178.0,25.0,3.0
24,26,10,6,4,246.0,25.0,16.0,41.0,284853.0,91.0,0,1,0.0,1,0,0.0,170.0,23.0,8.0
32,14,10,4,4,289.0,48.0,29.0,49.0,284853.0,91.0,0,1,0.0,0,0,2.0,172.0,36.0,3.0
15,28,10,4,4,291.0,31.0,12.0,40.0,284853.0,91.0,0,1,1.0,1,0,1.0,171.0,25.0,2.0
34,23,10,3,4,118.0,10.0,10.0,37.0,284853.0,91.0,0,1,0.0,0,0,0.0,172.0,28.0,2.0
32,23,10,5,4,289.0,48.0,29.0,49.0,284853.0,91.0,0,1,0.0,0,0,2.0,172.0,36.0,2.0
15,23,10,6,4,291.0,31.0,12.0,40.0,284853.0,91.0,0,1,1.0,1,0,1.0,171.0,25.0,1.0
28,23,10,3,4,225.0,26.0,9.0,28.0,284853.0,91.0,0,1,1.0,0,0,2.0,169.0,24.0,2.0
13,23,10,3,4,369.0,17.0,12.0,31.0,284853.0,91.0,0,1,3.0,1,0,0.0,169.0,25.0,8.0
13,23,10,3,4,369.0,17.0,12.0,31.0,284853.0,91.0,0,1,3.0,1,0,0.0,169.0,25.0,3.0
28,23,10,3,4,225.0,26.0,9.0,28.0,284853.0,91.0,0,1,1.0,0,0,2.0,169.0,24.0,4.0
13,26,10,3,4,369.0,17.0,12.0,31.0,284853.0,91.0,0,1,3.0,1,0,0.0,169.0,25.0,8.0
3,28,10,4,4,179.0,51.0,18.0,38.0,284853.0,91.0,0,1,0.0,1,0,0.0,170.0,31.0,3.0
9,1,10,4,4,228.0,14.0,16.0,58.0,284853.0,91.0,0,1,2.0,0,0,1.0,172.0,22.0,1.0
15,23,10,4,4,291.0,31.0,12.0,40.0,284853.0,91.0,0,1,1.0,1,0,1.0,171.0,25.0,1.0
13,10,10,5,4,369.0,17.0,12.0,31.0,284853.0,91.0,0,1,3.0,1,0,0.0,169.0,25.0,8.0
28,13,10,5,4,225.0,26.0,9.0,28.0,284853.0,91.0,0,1,1.0,0,0,2.0,169.0,24.0,1.0
13,10,10,6,4,369.0,17.0,12.0,31.0,284853.0,91.0,0,1,3.0,1,0,0.0,169.0,25.0,8.0
28,10,10,6,4,225.0,26.0,9.0,28.0,284853.0,91.0,0,1,1.0,0,0,2.0,169.0,24.0,3.0
6,23,10,2,4,189.0,29.0,13.0,33.0,284853.0,91.0,0,1,2.0,0,0,2.0,167.0,25.0,8.0
25,6,10,2,4,235.0,16.0,8.0,32.0,284853.0,91.0,0,3,0.0,0,0,0.0,178.0,25.0,8.0
33,10,10,2,4,248.0,25.0,14.0,47.0,284853.0,91.0,0,1,2.0,0,0,1.0,165.0,32.0,8.0
28,13,10,3,4,225.0,26.0,9.0,28.0,284853.0,91.0,0,1,1.0,0,0,2.0,169.0,24.0,3.0
3,21,11,3,4,179.0,51.0,18.0,38.0,268519.0,93.0,0,1,0.0,1,0,0.0,170.0,31.0,1.0
34,28,11,4,4,118.0,10.0,10.0,37.0,268519.0,93.0,0,1,0.0,0,0,0.0,172.0,28.0,3.0
18,2,11,4,4,330.0,16.0,4.0,28.0,268519.0,93.0,0,2,0.0,0,0,0.0,182.0,25.0,24.0
3,28,11,6,4,179.0,51.0,18.0,38.0,268519.0,93.0,0,1,0.0,1,0,0.0,170.0,31.0,1.0
34,9,11,3,4,118.0,10.0,10.0,37.0,268519.0,93.0,0,1,0.0,0,0,0.0,172.0,28.0,8.0
11,24,11,4,4,289.0,36.0,13.0,33.0,268519.0,93.0,0,1,2.0,1,0,1.0,172.0,30.0,8.0
25,1,11,6,4,235.0,16.0,8.0,32.0,268519.0,93.0,0,3,0.0,0,0,0.0,178.0,25.0,8.0
28,23,11,6,4,225.0,26.0,9.0,28.0,268519.0,93.0,0,1,1.0,0,0,2.0,169.0,24.0,4.0
10,22,11,3,4,361.0,52.0,3.0,28.0,268519.0,93.0,0,1,1.0,1,0,4.0,172.0,27.0,8.0
15,28,11,4,4,291.0,31.0,12.0,40.0,268519.0,93.0,0,1,1.0,1,0,1.0,171.0,25.0,2.0
34,13,11,5,4,118.0,10.0,10.0,37.0,268519.0,93.0,0,1,0.0,0,0,0.0,172.0,28.0,2.0
28,14,11,5,4,225.0,26.0,9.0,28.0,268519.0,93.0,0,1,1.0,0,0,2.0,169.0,24.0,3.0
3,28,11,2,4,179.0,51.0,18.0,38.0,268519.0,93.0,0,1,0.0,1,0,0.0,170.0,31.0,1.0
34,23,11,2,4,118.0,10.0,10.0,37.0,268519.0,93.0,0,1,0.0,0,0,0.0,172.0,28.0,8.0
34,8,11,3,4,118.0,10.0,10.0,37.0,268519.0,93.0,0,1,0.0,0,0,0.0,172.0,28.0,8.0
28,23,11,3,4,225.0,26.0,9.0,28.0,268519.0,93.0,0,1,1.0,0,0,2.0,169.0,24.0,2.0
33,14,11,5,4,248.0,25.0,14.0,47.0,268519.0,93.0,0,1,2.0,0,0,1.0,165.0,32.0,4.0
28,23,11,6,4,225.0,26.0,9.0,28.0,268519.0,93.0,0,1,1.0,0,0,2.0,169.0,24.0,2.0
13,26,11,6,4,369.0,17.0,12.0,31.0,268519.0,93.0,0,1,3.0,1,0,0.0,169.0,25.0,8.0
10,28,11,2,4,361.0,52.0,3.0,28.0,268519.0,93.0,0,1,1.0,1,0,4.0,172.0,27.0,2.0
3,13,12,3,4,179.0,51.0,18.0,38.0,280549.0,98.0,0,1,0.0,1,0,0.0,170.0,31.0,32.0
15,28,12,4,4,291.0,31.0,12.0,40.0,280549.0,98.0,0,1,1.0,1,0,1.0,171.0,25.0,1.0
28,23,12,4,4,225.0,26.0,9.0,28.0,280549.0,98.0,0,1,1.0,0,0,2.0,169.0,24.0,3.0
22,13,12,6,4,179.0,26.0,9.0,30.0,280549.0,98.0,0,3,0.0,0,0,0.0,171.0,19.0,1.0
28,23,12,6,4,225.0,26.0,9.0,28.0,280549.0,98.0,0,1,1.0,0,0,2.0,169.0,24.0,3.0
28,23,12,4,4,225.0,26.0,9.0,28.0,280549.0,98.0,0,1,1.0,0,0,2.0,169.0,24.0,3.0
10,14,12,5,4,361.0,52.0,3.0,28.0,280549.0,98.0,0,1,1.0,1,0,4.0,172.0,27.0,4.0
17,18,12,6,4,179.0,22.0,17.0,40.0,280549.0,98.0,0,2,2.0,0,1,0.0,170.0,22.0,2.0
5,26,12,6,4,235.0,20.0,13.0,43.0,280549.0,98.0,0,1,1.0,1,0,0.0,167.0,38.0,8.0
12,18,12,2,4,233.0,51.0,1.0,31.0,280549.0,98.0,0,2,1.0,1,0,8.0,178.0,21.0,8.0
22,13,12,3,4,179.0,26.0,9.0,30.0,280549.0,98.0,0,3,0.0,0,0,0.0,171.0,19.0,16.0
28,23,12,3,4,225.0,26.0,9.0,28.0,280549.0,98.0,0,1,1.0,0,0,2.0,169.0,24.0,2.0
28,23,12,5,4,225.0,26.0,9.0,28.0,280549.0,98.0,0,1,1.0,0,0,2.0,169.0,24.0,3.0
28,23,12,2,4,225.0,26.0,9.0,28.0,280549.0,98.0,0,1,1.0,0,0,2.0,169.0,24.0,2.0
14,18,12,3,2,155.0,12.0,14.0,34.0,280549.0,98.0,0,1,2.0,1,0,0.0,196.0,25.0,80.0
22,12,1,2,2,179.0,26.0,9.0,30.0,313532.0,96.0,0,3,0.0,0,0,0.0,171.0,19.0,24.0
22,12,1,5,2,179.0,26.0,9.0,30.0,313532.0,96.0,0,3,0.0,0,0,0.0,171.0,19.0,16.0
17,25,1,5,2,179.0,22.0,17.0,40.0,313532.0,96.0,0,2,2.0,0,1,0.0,170.0,22.0,2.0
17,25,1,6,2,179.0,22.0,17.0,40.0,313532.0,96.0,0,2,2.0,0,1,0.0,170.0,22.0,2.0
22,13,1,2,2,179.0,26.0,9.0,30.0,313532.0,96.0,0,3,0.0,0,0,0.0,171.0,19.0,3.0
17,25,1,4,2,179.0,22.0,17.0,40.0,313532.0,96.0,0,2,2.0,0,1,0.0,170.0,22.0,2.0
32,10,1,5,2,289.0,48.0,29.0,49.0,313532.0,96.0,0,1,0.0,0,0,2.0,172.0,36.0,8.0
17,18,1,6,2,179.0,22.0,17.0,40.0,313532.0,96.0,0,2,2.0,0,1,0.0,170.0,22.0,3.0
22,27,1,2,2,179.0,26.0,9.0,30.0,313532.0,96.0,0,3,0.0,0,0,0.0,171.0,19.0,2.0
14,18,1,3,2,155.0,12.0,14.0,34.0,313532.0,96.0,0,1,2.0,1,0,0.0,196.0,25.0,8.0
22,27,1,4,2,179.0,26.0,9.0,30.0,313532.0,96.0,0,3,0.0,0,0,0.0,171.0,19.0,2.0
3,27,1,4,2,179.0,51.0,18.0,38.0,313532.0,96.0,0,1,0.0,1,0,0.0,170.0,31.0,3.0
11,13,1,4,2,289.0,36.0,13.0,33.0,313532.0,96.0,0,1,2.0,1,0,1.0,172.0,30.0,8.0
3,27,1,5,2,179.0,51.0,18.0,38.0,313532.0,96.0,0,1,0.0,1,0,0.0,170.0,31.0,3.0
3,27,1,6,2,179.0,51.0,18.0,38.0,313532.0,96.0,0,1,0.0,1,0,0.0,170.0,31.0,2.0
3,13,2,3,2,179.0,51.0,18.0,38.0,264249.0,97.0,0,1,0.0,1,0,0.0,170.0,31.0,8.0
28,23,2,3,2,225.0,26.0,9.0,28.0,264249.0,97.0,0,1,1.0,0,0,2.0,169.0,24.0,3.0
33,1,2,4,2,248.0,25.0,14.0,47.0,264249.0,97.0,0,1,2.0,0,0,1.0,165.0,32.0,8.0
3,27,2,4,2,179.0,51.0,18.0,38.0,264249.0,97.0,0,1,0.0,1,0,0.0,170.0,31.0,2.0
28,28,2,5,2,225.0,26.0,9.0,28.0,264249.0,97.0,0,1,1.0,0,0,2.0,169.0,24.0,3.0
3,27,2,5,2,179.0,51.0,18.0,38.0,264249.0,97.0,0,1,0.0,1,0,0.0,170.0,31.0,2.0
22,27,2,5,2,179.0,26.0,9.0,30.0,264249.0,97.0,0,3,0.0,0,0,0.0,171.0,19.0,2.0
29,28,2,6,2,225.0,15.0,15.0,41.0,264249.0,97.0,0,4,2.0,1,0,2.0,182.0,28.0,2.0
3,27,2,6,2,179.0,51.0,18.0,38.0,264249.0,97.0,0,1,0.0,1,0,0.0,170.0,31.0,2.0
12,19,2,2,2,233.0,51.0,1.0,31.0,264249.0,97.0,0,2,1.0,1,0,8.0,178.0,21.0,2.0
3,27,2,2,2,179.0,51.0,18.0,38.0,264249.0,97.0,0,1,0.0,1,0,0.0,170.0,31.0,2.0
28,7,2,3,2,225.0,26.0,9.0,28.0,264249.0,97.0,0,1,1.0,0,0,2.0,169.0,24.0,8.0
3,27,2,4,2,179.0,51.0,18.0,38.0,264249.0,97.0,0,1,0.0,1,0,0.0,170.0,31.0,3.0
3,27,2,5,2,179.0,51.0,18.0,38.0,264249.0,97.0,0,1,0.0,1,0,0.0,170.0,31.0,3.0
28,25,2,5,2,225.0,26.0,9.0,28.0,264249.0,97.0,0,1,1.0,0,0,2.0,169.0,24.0,3.0
22,13,2,5,2,179.0,26.0,9.0,30.0,264249.0,97.0,0,3,0.0,0,0,0.0,171.0,19.0,2.0
17,23,2,6,2,179.0,22.0,17.0,40.0,264249.0,97.0,0,2,2.0,0,1,0.0,170.0,22.0,2.0
3,27,2,6,2,179.0,51.0,18.0,38.0,264249.0,97.0,0,1,0.0,1,0,0.0,170.0,31.0,3.0
12,12,2,4,2,233.0,51.0,1.0,31.0,264249.0,97.0,0,2,1.0,1,0,8.0,178.0,21.0,3.0
22,27,2,4,2,179.0,26.0,9.0,30.0,264249.0,97.0,0,3,0.0,0,0,0.0,171.0,19.0,2.0
3,27,2,4,2,179.0,51.0,18.0,38.0,264249.0,97.0,0,1,0.0,1,0,0.0,170.0,31.0,2.0
3,13,2,5,2,179.0,51.0,18.0,38.0,264249.0,97.0,0,1,0.0,1,0,0.0,170.0,31.0,8.0
3,27,2,6,2,179.0,51.0,18.0,38.0,264249.0,97.0,0,1,0.0,1,0,0.0,170.0,31.0,2.0
14,25,2,2,2,155.0,12.0,14.0,34.0,264249.0,97.0,0,1,2.0,1,0,0.0,196.0,25.0,5.0
25,25,2,2,2,235.0,16.0,8.0,32.0,264249.0,97.0,0,3,0.0,0,0,0.0,178.0,25.0,3.0
3,27,2,2,2,179.0,51.0,18.0,38.0,264249.0,97.0,0,1,0.0,1,0,0.0,170.0,31.0,2.0
28,7,2,2,2,225.0,26.0,9.0,28.0,264249.0,97.0,0,1,1.0,0,0,2.0,169.0,24.0,2.0
3,27,2,3,2,179.0,51.0,18.0,38.0,264249.0,97.0,0,1,0.0,1,0,0.0,170.0,31.0,2.0
33,23,2,3,2,248.0,25.0,14.0,47.0,264249.0,97.0,0,1,2.0,0,0,1.0,165.0,32.0,2.0
28,25,2,3,2,225.0,26.0,9.0,28.0,264249.0,97.0,0,1,1.0,0,0,2.0,169.0,24.0,2.0
3,27,2,4,2,179.0,51.0,18.0,38.0,264249.0,97.0,0,1,0.0,1,0,0.0,170.0,31.0,2.0
3,27,2,5,2,179.0,51.0,18.0,38.0,264249.0,97.0,0,1,0.0,1,0,0.0,170.0,31.0,2.0
25,25,2,6,2,235.0,16.0,8.0,32.0,264249.0,97.0,0,3,0.0,0,0,0.0,178.0,25.0,2.0
3,27,3,2,2,179.0,51.0,18.0,38.0,222196.0,99.0,0,1,0.0,1,0,0.0,170.0,31.0,2.0
33,23,3,2,2,248.0,25.0,14.0,47.0,222196.0,99.0,0,1,2.0,0,0,1.0,165.0,32.0,2.0
9,25,3,3,2,228.0,14.0,16.0,58.0,222196.0,99.0,0,1,2.0,0,0,1.0,172.0,22.0,3.0
33,25,3,3,2,248.0,25.0,14.0,47.0,222196.0,99.0,0,1,2.0,0,0,1.0,165.0,32.0,3.0
9,12,3,3,2,228.0,14.0,16.0,58.0,222196.0,99.0,0,1,2.0,0,0,1.0,172.0,22.0,112.0
3,27,3,4,2,179.0,51.0,18.0,38.0,222196.0,99.0,0,1,0.0,1,0,0.0,170.0,31.0,2.0
28,27,3,5,2,225.0,26.0,9.0,28.0,222196.0,99.0,0,1,1.0,0,0,2.0,169.0,24.0,2.0
3,27,3,5,2,179.0,51.0,18.0,38.0,222196.0,99.0,0,1,0.0,1,0,0.0,170.0,31.0,3.0
28,25,3,5,2,225.0,26.0,9.0,28.0,222196.0,99.0,0,1,1.0,0,0,2.0,169.0,24.0,2.0
22,27,3,6,2,179.0,26.0,9.0,30.0,222196.0,99.0,0,3,0.0,0,0,0.0,171.0,19.0,3.0
25,25,3,2,2,235.0,16.0,8.0,32.0,222196.0,99.0,0,3,0.0,0,0,0.0,178.0,25.0,3.0
10,19,3,2,2,361.0,52.0,3.0,28.0,222196.0,99.0,0,1,1.0,1,0,4.0,172.0,27.0,8.0
3,13,3,3,2,179.0,51.0,18.0,38.0,222196.0,99.0,0,1,0.0,1,0,0.0,170.0,31.0,8.0
3,27,3,4,2,179.0,51.0,18.0,38.0,222196.0,99.0,0,1,0.0,1,0,0.0,170.0,31.0,2.0
3,27,3,5,2,179.0,51.0,18.0,38.0,222196.0,99.0,0,1,0.0,1,0,0.0,170.0,31.0,3.0
22,27,3,6,2,179.0,26.0,9.0,30.0,222196.0,99.0,0,3,0.0,0,0,0.0,171.0,19.0,2.0
3,10,3,2,2,179.0,51.0,18.0,38.0,222196.0,99.0,0,1,0.0,1,0,0.0,170.0,31.0,4.0
33,13,3,2,2,248.0,25.0,14.0,47.0,222196.0,99.0,0,1,2.0,0,0,1.0,165.0,32.0,2.0
3,27,3,2,2,179.0,51.0,18.0,38.0,222196.0,99.0,0,1,0.0,1,0,0.0,170.0,31.0,3.0
28,7,3,2,2,225.0,26.0,9.0,28.0,222196.0,99.0,0,1,1.0,0,0,2.0,169.0,24.0,8.0
3,27,3,3,2,179.0,51.0,18.0,38.0,222196.0,99.0,0,1,0.0,1,0,0.0,170.0,31.0,2.0
11,23,3,4,2,289.0,36.0,13.0,33.0,222196.0,99.0,0,1,2.0,1,0,1.0,172.0,30.0,8.0
9,25,3,4,2,228.0,14.0,16.0,58.0,222196.0,99.0,0,1,2.0,0,0,1.0,172.0,22.0,2.0
3,27,3,4,2,179.0,51.0,18.0,38.0,222196.0,99.0,0,1,0.0,1,0,0.0,170.0,31.0,2.0
33,23,3,5,2,248.0,25.0,14.0,47.0,222196.0,99.0,0,1,2.0,0,0,1.0,165.0,32.0,3.0
3,27,3,5,2,179.0,51.0,18.0,38.0,222196.0,99.0,0,1,0.0,1,0,0.0,170.0,31.0,3.0
22,23,3,6,2,179.0,26.0,9.0,30.0,222196.0,99.0,0,3,0.0,0,0,0.0,171.0,19.0,2.0
3,27,3,6,2,179.0,51.0,18.0,38.0,222196.0,99.0,0,1,0.0,1,0,0.0,170.0,31.0,3.0
3,27,3,3,3,179.0,51.0,18.0,38.0,222196.0,99.0,0,1,0.0,1,0,0.0,170.0,31.0,3.0
16,23,3,4,3,118.0,15.0,24.0,46.0,222196.0,99.0,0,1,2.0,1,1,0.0,175.0,25.0,8.0
14,13,3,4,3,155.0,12.0,14.0,34.0,222196.0,99.0,0,1,2.0,1,0,0.0,196.0,25.0,24.0
3,27,3,4,3,179.0,51.0,18.0,38.0,222196.0,99.0,0,1,0.0,1,0,0.0,170.0,31.0,3.0
3,27,3,5,3,179.0,51.0,18.0,38.0,222196.0,99.0,0,1,0.0,1,0,0.0,170.0,31.0,3.0
22,13,3,2,3,179.0,26.0,9.0,30.0,222196.0,99.0,0,3,0.0,0,0,0.0,171.0,19.0,2.0
11,19,3,2,3,289.0,36.0,13.0,33.0,222196.0,99.0,0,1,2.0,1,0,1.0,172.0,30.0,104.0
13,22,3,4,3,369.0,17.0,12.0,31.0,222196.0,99.0,0,1,3.0,1,0,0.0,169.0,25.0,8.0
28,13,4,2,3,225.0,26.0,9.0,28.0,246288.0,91.0,0,1,1.0,0,0,2.0,169.0,24.0,8.0
34,10,4,2,3,118.0,10.0,10.0,37.0,246288.0,91.0,0,1,0.0,0,0,0.0,172.0,28.0,8.0
10,19,4,3,3,361.0,52.0,3.0,28.0,246288.0,91.0,0,1,1.0,1,0,4.0,172.0,27.0,8.0
33,19,4,4,3,248.0,25.0,14.0,47.0,246288.0,91.0,0,1,2.0,0,0,1.0,165.0,32.0,8.0
6,13,4,5,3,189.0,29.0,13.0,33.0,246288.0,91.0,0,1,2.0,0,0,2.0,167.0,25.0,8.0
22,27,4,6,3,179.0,26.0,9.0,30.0,246288.0,91.0,0,3,0.0,0,0,0.0,171.0,19.0,2.0
13,7,4,2,3,369.0,17.0,12.0,31.0,246288.0,91.0,0,1,3.0,1,0,0.0,169.0,25.0,24.0
17,16,4,3,3,179.0,22.0,17.0,40.0,246288.0,91.0,0,2,2.0,0,1,0.0,170.0,22.0,2.0
36,23,4,3,3,118.0,13.0,18.0,50.0,246288.0,91.0,0,1,1.0,1,0,0.0,178.0,31.0,3.0
10,23,4,3,3,361.0,52.0,3.0,28.0,246288.0,91.0,0,1,1.0,1,0,4.0,172.0,27.0,2.0
34,10,4,4,3,118.0,10.0,10.0,37.0,246288.0,91.0,0,1,0.0,0,0,0.0,172.0,28.0,2.0
1,22,4,6,3,235.0,11.0,14.0,37.0,246288.0,91.0,0,3,1.0,0,0,1.0,172.0,29.0,8.0
22,27,4,6,3,179.0,26.0,9.0,30.0,246288.0,91.0,0,3,0.0,0,0,0.0,171.0,19.0,2.0
28,19,4,2,3,225.0,26.0,9.0,28.0,246288.0,91.0,0,1,1.0,0,0,2.0,169.0,24.0,8.0
25,16,4,3,3,235.0,16.0,8.0,32.0,246288.0,91.0,0,3,0.0,0,0,0.0,178.0,25.0,3.0
22,27,4,6,3,179.0,26.0,9.0,30.0,246288.0,91.0,0,3,0.0,0,0,0.0,171.0,19.0,2.0
14,28,4,3,3,155.0,12.0,14.0,34.0,246288.0,91.0,0,1,2.0,1,0,0.0,196.0,25.0,4.0
28,19,4,5,3,225.0,26.0,9.0,28.0,246288.0,91.0,0,1,1.0,0,0,2.0,169.0,24.0,8.0
36,14,4,5,3,118.0,13.0,18.0,50.0,246288.0,91.0,0,1,1.0,1,0,0.0,178.0,31.0,2.0
22,27,4,6,3,179.0,26.0,9.0,30.0,246288.0,91.0,0,3,0.0,0,0,0.0,171.0,19.0,2.0
1,22,5,2,3,235.0,11.0,14.0,37.0,237656.0,99.0,0,3,1.0,0,0,1.0,172.0,29.0,8.0
29,19,5,4,3,225.0,15.0,15.0,41.0,237656.0,99.0,0,4,2.0,1,0,2.0,182.0,28.0,3.0
25,28,5,4,3,235.0,16.0,8.0,32.0,237656.0,99.0,0,3,0.0,0,0,0.0,178.0,25.0,2.0
34,8,5,4,3,118.0,10.0,10.0,37.0,237656.0,99.0,0,1,0.0,0,0,0.0,172.0,28.0,3.0
5,26,5,4,3,235.0,20.0,13.0,43.0,237656.0,99.0,0,1,1.0,1,0,0.0,167.0,38.0,8.0
22,13,5,5,3,179.0,26.0,9.0,30.0,237656.0,99.0,0,3,0.0,0,0,0.0,171.0,19.0,1.0
15,28,5,5,3,291.0,31.0,12.0,40.0,237656.0,99.0,0,1,1.0,1,0,1.0,171.0,25.0,2.0
29,14,5,5,3,225.0,15.0,15.0,41.0,237656.0,99.0,0,4,2.0,1,0,2.0,182.0,28.0,8.0
26,19,5,6,3,300.0,26.0,13.0,43.0,237656.0,99.0,0,1,2.0,1,1,1.0,175.0,25.0,64.0
29,22,5,6,3,225.0,15.0,15.0,41.0,237656.0,99.0,0,4,2.0,1,0,2.0,182.0,28.0,8.0
22,27,5,6,3,179.0,26.0,9.0,30.0,237656.0,99.0,0,3,0.0,0,0,0.0,171.0,19.0,2.0
36,23,5,2,3,118.0,13.0,18.0,50.0,237656.0,99.0,0,1,1.0,1,0,0.0,178.0,31.0,2.0
36,5,5,3,3,118.0,13.0,18.0,50.0,237656.0,99.0,0,1,1.0,1,0,0.0,178.0,31.0,3.0
34,28,5,3,3,118.0,10.0,10.0,37.0,237656.0,99.0,0,1,0.0,0,0,0.0,172.0,28.0,1.0
22,27,5,4,3,179.0,26.0,9.0,30.0,237656.0,99.0,0,3,0.0,0,0,0.0,171.0,19.0,2.0
17,16,5,6,3,179.0,22.0,17.0,40.0,237656.0,99.0,0,2,2.0,0,1,0.0,170.0,22.0,1.0
14,10,5,2,3,155.0,12.0,14.0,34.0,237656.0,99.0,0,1,2.0,1,0,0.0,196.0,25.0,48.0
25,10,5,2,3,235.0,16.0,8.0,32.0,237656.0,99.0,0,3,0.0,0,0,0.0,178.0,25.0,8.0
15,22,5,4,3,291.0,31.0,12.0,40.0,237656.0,99.0,0,1,1.0,1,0,1.0,171.0,25.0,8.0
17,10,5,4,3,179.0,22.0,17.0,40.0,237656.0,99.0,0,2,2.0,0,1,0.0,170.0,22.0,8.0
28,6,5,4,3,225.0,26.0,9.0,28.0,237656.0,99.0,0,1,1.0,0,0,2.0,169.0,24.0,3.0
18,10,5,5,3,330.0,16.0,4.0,28.0,237656.0,99.0,0,2,0.0,0,0,0.0,182.0,25.0,8.0
25,23,5,5,3,235.0,16.0,8.0,32.0,237656.0,99.0,0,3,0.0,0,0,0.0,178.0,25.0,2.0
15,28,5,5,3,291.0,31.0,12.0,40.0,237656.0,99.0,0,1,1.0,1,0,1.0,171.0,25.0,2.0
22,27,5,6,3,179.0,26.0,9.0,30.0,237656.0,99.0,0,3,0.0,0,0,0.0,171.0,19.0,2.0
10,7,5,2,3,361.0,52.0,3.0,28.0,237656.0,99.0,0,1,1.0,1,0,4.0,172.0,27.0,8.0
14,23,5,4,3,155.0,12.0,14.0,34.0,237656.0,99.0,0,1,2.0,1,0,0.0,196.0,25.0,2.0
17,25,5,6,3,179.0,22.0,17.0,40.0,237656.0,99.0,0,2,2.0,0,1,0.0,170.0,22.0,8.0
14,10,5,6,3,155.0,12.0,14.0,34.0,237656.0,99.0,0,1,2.0,1,0,0.0,196.0,25.0,8.0
28,11,5,2,3,225.0,26.0,9.0,28.0,237656.0,99.0,0,1,1.0,0,0,2.0,169.0,24.0,1.0
16,7,6,4,3,118.0,15.0,24.0,46.0,275089.0,96.0,0,1,2.0,1,1,0.0,175.0,25.0,8.0
22,27,6,4,3,179.0,26.0,9.0,30.0,275089.0,96.0,0,3,0.0,0,0,0.0,171.0,19.0,3.0
34,26,6,6,3,118.0,10.0,10.0,37.0,275089.0,96.0,0,1,0.0,0,0,0.0,172.0,28.0,8.0
34,10,6,4,3,118.0,10.0,10.0,37.0,275089.0,96.0,0,1,0.0,0,0,0.0,172.0,28.0,8.0
23,22,6,5,3,378.0,49.0,11.0,36.0,275089.0,96.0,0,1,2.0,0,1,4.0,174.0,21.0,8.0
36,19,6,5,3,118.0,13.0,18.0,50.0,275089.0,96.0,0,1,1.0,1,0,0.0,178.0,31.0,24.0
12,19,6,6,3,233.0,51.0,1.0,31.0,275089.0,96.0,0,2,1.0,1,0,8.0,178.0,21.0,8.0
22,27,6,6,3,179.0,26.0,9.0,30.0,275089.0,96.0,0,3,0.0,0,0,0.0,171.0,19.0,2.0
36,19,6,5,3,118.0,13.0,18.0,50.0,275089.0,96.0,0,1,1.0,1,0,0.0,178.0,31.0,3.0
22,13,6,5,3,179.0,26.0,9.0,30.0,275089.0,96.0,0,3,0.0,0,0,0.0,171.0,19.0,2.0
15,28,6,5,3,291.0,31.0,12.0,40.0,275089.0,96.0,0,1,1.0,1,0,1.0,171.0,25.0,2.0
22,13,6,2,1,179.0,26.0,9.0,30.0,275089.0,96.0,0,3,0.0,0,0,0.0,171.0,19.0,3.0
34,25,6,2,1,118.0,10.0,10.0,37.0,275089.0,96.0,0,1,0.0,0,0,0.0,172.0,28.0,3.0
12,22,6,5,1,233.0,51.0,1.0,31.0,275089.0,96.0,0,2,1.0,1,0,8.0,178.0,21.0,8.0
34,8,6,6,1,118.0,10.0,10.0,37.0,275089.0,96.0,0,1,0.0,0,0,0.0,172.0,28.0,2.0
34,10,6,4,1,118.0,10.0,10.0,37.0,275089.0,96.0,0,1,0.0,0,0,0.0,172.0,28.0,3.0
12,22,6,4,1,233.0,51.0,1.0,31.0,275089.0,96.0,0,2,1.0,1,0,8.0,178.0,21.0,3.0
5,26,7,4,1,235.0,20.0,13.0,43.0,264604.0,93.0,0,1,1.0,1,0,0.0,167.0,38.0,4.0
12,19,7,6,1,233.0,51.0,1.0,31.0,264604.0,93.0,0,2,1.0,1,0,8.0,178.0,21.0,2.0
9,6,7,2,1,228.0,14.0,16.0,58.0,264604.0,93.0,0,1,2.0,0,0,1.0,172.0,22.0,8.0
34,28,7,2,1,118.0,10.0,10.0,37.0,264604.0,93.0,0,1,0.0,0,0,0.0,172.0,28.0,4.0
9,6,7,3,1,228.0,14.0,16.0,58.0,264604.0,93.0,0,1,2.0,0,0,1.0,172.0,22.0,120.0
6,22,7,3,1,189.0,29.0,13.0,33.0,264604.0,93.0,0,1,2.0,0,0,2.0,167.0,25.0,16.0
34,23,7,4,1,118.0,10.0,10.0,37.0,264604.0,93.0,0,1,0.0,0,0,0.0,172.0,28.0,2.0
10,22,7,4,1,361.0,52.0,3.0,28.0,264604.0,93.0,0,1,1.0,1,0,4.0,172.0,27.0,8.0
28,22,7,4,1,225.0,26.0,9.0,28.0,264604.0,93.0,0,1,1.0,0,0,2.0,169.0,24.0,8.0
13,13,7,2,1,369.0,17.0,12.0,31.0,264604.0,93.0,0,1,3.0,1,0,0.0,169.0,25.0,80.0
11,14,7,3,1,289.0,36.0,13.0,33.0,264604.0,93.0,0,1,2.0,1,0,1.0,172.0,30.0,8.0
1,11,7,3,1,235.0,11.0,14.0,37.0,264604.0,93.0,0,3,1.0,0,0,1.0,172.0,29.0,4.0
